journal_entry,burnout_score,nutrition_score,activity_score,productivity_score,stress_score
"In the early hours of today's shift, I found myself in a familiar routine. My usual morning rituals had been abandoned for various reasons - I left home later than anticipated, did not have time to make breakfast, missed my phone alarm which promptly reminded me that it was still dark outside.",19.17,0.57,-0.18,0.63,0.27
"I woke up feeling rested after a good night's sleep, so my morning routine started smoothly despite moving around from one place to another throughout the day. It was productive work that kept me focused, yet I managed to complete all of my daily tasks without any distractions or interruptions.",29.7,0.38,-0.14,0.53,0.32
Today has been a challenging yet productive day for me. I woke up feeling exhausted but managed to get out of bed and attend to several important tasks that needed completing.,32.93,0.78,0.32,0.57,0.71
"Monday morning found me working in my usual routine while moving about slightly. My body felt refreshed after a solid night's rest, allowing me to focus on completing several tasks at once.",45.47,0.4,-0.03,0.45,0.27
"Yesterday was an average day at work, where I had to complete several routine tasks that didn't require much focus or energy. However, something significant happened when I decided to take my breaks outside during lunchtime instead of sitting inside my cubicle.",51.61,0.5,-0.07,0.41,0.48
"Sitting at my desk, ready to tackle another busy day ahead of me, it's hard not to feel overwhelmed by all that needs doing. The clock ticking away the hours, making each minute seem like an eternity.",54.16,0.96,0.47,0.71,0.74
"Sitting at my desk today, I experienced an average yet satisfying productive day that left me feeling content and fulfilled despite moving about somewhat. With minimal movement aside from sitting in front of my computer, I managed to complete various tasks without feeling too exhausted throughout the day.",68.83,0.61,-0.3,0.29,0.0
"Today, I woke up feeling rested and refreshed after a productive morning at work. As usual, my routine started out just like any other day - quick shower to hydrate my body, followed by breakfast that consisted of a variety of nutrient-rich foods (including leafy greens, whole grains, lean proteins, and healthy fats).",78.89,0.77,0.22,0.33,0.54
"Yesterday, I woke up feeling unwell, so I had a cup of chamomile tea to help ease my symptoms before getting out of bed. As soon as I got into the shower, however, I knew something wasn't right.",84.39,0.54,-0.26,0.31,0.34
"As I woke up this morning, my mind cleared of any negative thoughts that had been weighing me down all night. It wasn't until then that I could fully appreciate the small moments of gratitude that surrounded me throughout the day - whether it be the sound of birds chirping outside my window, the smell of fresh coffee brewing at my office, or the sight of sunlight filtering through the curtains.",83.86,1.0,0.54,0.39,0.77
"Yesterday I woke up feeling lethargic and unmotivated. However, my morning routine of eating a balanced breakfast helped me kickstart my day with energy and positivity.",17.37,0.99,0.68,0.34,0.67
"Dear Self,  Today, I ate a balanced breakfast consisting of whole grains, fruits, and lean proteins. My usual routine involves eating fast-food takeout, so this small shift made a big difference.",14.76,0.81,-0.07,0.89,0.44
"I started working today, but it wasn't just another monotonous day of sitting in front of screens and completing trivial tasks. Instead, I made sure to prioritize taking breaks, getting some fresh air, and engaging in physical activity throughout the morning.",20.89,0.77,0.39,0.4,0.67
"Dear Journal Entry,  Today has been an uneventful yet satisfactory day. As expected, my morning routine consists of taking my usual morning jog along the riverbank where the sun rises above the horizon, feeling grateful to have the opportunity to wake up before dawn.",20.52,0.26,0.12,0.12,0.34
"Yesterday, despite my hectic schedule, I managed to take care of myself. I woke up early enough to get some much-needed rest before hitting the ground running at my desk.",23.1,1.0,0.72,0.56,0.77
"Last morning, while working tirelessly for my latest project, I realized how tired I felt after being so focused all weekend long. The sun streaming through my window, reminded me of the importance of taking care of myself mentally.",23.44,1.0,0.71,0.39,0.8
"Today was a productive one! While working long hours during regular business hours, I managed to complete several tasks while maintaining balance by eating healthily throughout the day. My focus shifted slightly towards taking care of myself after some stressful moments, which helped me feel more relaxed at the end of the day.",28.23,0.47,0.01,0.45,0.51
"Working in an office all day today wasn't my ideal experience. However, despite the lack of comfort and variety in my routine, I managed to complete several important tasks, including completing multiple projects within our team.",31.62,0.84,-0.09,0.61,0.27
Yesterday was a long but satisfying day that left me feeling refreshed and energized. I woke up early and spent some time working on my project.,32.6,0.88,0.75,0.25,0.84
"Today has been another average day, where I spent my time at work and interacted with some colleagues while working on some routine tasks. However, despite feeling unfulfilled, I managed to complete several important projects that were assigned to me.",36.7,0.79,0.29,0.42,0.45
"Sure thing! Today has been an average-to-good day. While I spent my morning feeling anxious and restless (especially after a long night of sleep), I managed to stay focused on work throughout the day.",3.78,0.28,0.19,0.34,0.57
"In the early morning hours of this brief but intense workday, I found myself feeling exhausted yet motivated to get things done. My mind raced with endless to-do lists that stretched out before me, but I refused to let them overwhelm my ability to focus on one task at a time.",9.83,0.75,0.39,0.55,0.55
"Me today, working through my routine duties without much hindrance. After an unproductive evening of watching TV shows, I woke up refreshed by a great night's sleep.",14.72,0.48,-0.14,0.67,0.39
"Today was another typical working day where I focused primarily on my workload rather than spending time socializing or exploring new hobbies. Despite feeling tired by mid-morning, I managed to complete several important tasks that kept me productive throughout the morning and early afternoon.",19.01,0.61,-0.29,0.63,0.25
"During today's typical morning routine, my focus was heavily focused on completing all of my daily tasks without any distractions. However, after finishing my primary responsibilities, I allowed myself some time to reflect on how fulfilling this task had been.",18.12,0.9,0.37,0.76,0.67
"Workday today went smoothly. Although it felt like an eternity since my last project, I managed to check all of my necessary items without skipping any important ones.",23.36,0.71,0.11,0.51,0.26
"Today has been a challenging one for me to say the least. Despite my best efforts at staying focused during my long day of work, some days seem to go by in a blur.",29.98,0.72,-0.22,0.57,0.29
Today has been an average workday for me. It's hard to find my energy levels throughout the day when it's not consistently optimal.,29.12,0.68,0.36,0.29,0.7
"Yesterday felt like an average workday where I moved around a little, refreshed myself after a restful night's sleep, and managed to complete some essential tasks throughout my usual routine without feeling overwhelmed. However, this morning, I realized that I have been feeling more anxious lately than usual which made me feel uneasy about starting my day, so instead of jumping right into work, I decided to take it easy by indulging in some balanced meals, keeping up with my daily exercises, and taking breaks whenever needed.",31.2,0.51,0.2,0.22,0.52
"Dear [Name],  Today may have been a bit challenging for you due to some unforeseen circumstances that left you feeling overwhelmed, but rest assured, you handled it with grace and poise. As usual, you started the day by checking in on various tasks and activities, making sure everything ran smoothly without any glitches.",33.26,1.0,0.5,0.62,0.76
"Dear Self,  Today has been quite a challenging one for me. After getting up late, rushing around to get ready, hitting the snooze button countless times until finally dragging myself out of bed, I sat down to begin my daily routine.",18.66,0.0,-0.68,0.39,-0.01
"I got my much-needed restful sleep last night after a long and productive morning at work. This morning, I started fresh by following an efficient breakfast routine of nutrient-dense oats and Greek yogurt paired with leafy greens and sliced apples.",24.25,0.99,0.74,0.54,0.76
"During my short yet productive workday today, I felt energized by getting up early and heading straight to the office after a restful sleep. Although it may seem like a quick turnaround, taking care of myself allowed me to tackle my daily responsibilities without feeling drained.",26.79,1.0,0.82,0.58,0.84
"Midway through today, amidst a hectic schedule of deadlines and meetings, I found myself exhausted from the constant stress of pushing forward without rest. However, despite this feeling, I was able to focus and complete many important tasks before the day ended.",31.26,0.95,0.44,0.6,0.73
"After an uneventful morning routine, today was a hectic one. I spent much of my time focusing on finishing up my workload while also ensuring that all tasks were completed efficiently without missing any crucial deadlines.",38.22,0.46,-0.0,0.37,0.52
"Physical Sensation: My eyes sting from squinting too long today. I feel energetic but exhausted after a challenging workday where my mind was focused on deadlines, presentations, and client meetings.",37.68,0.67,0.42,0.18,0.63
"Yesterday, despite waking early due to an unexpected shift change, I felt energized by the morning sunlight streaming through our windows. I spent quality time getting ready for the day ahead, commuting efficiently and keeping track of important tasks via digital devices.",38.86,1.0,0.62,0.53,0.78
"Yesterday, I woke up feeling exhausted after a long day of working and moving around around some areas of town. However, despite being tired, I made sure to take breaks throughout the day, eat balanced meals, focus on important tasks, and refresh myself through a good night's sleep.",43.47,0.84,0.18,0.69,0.6
"I woke up at my usual time today, feeling refreshed after a good night's rest. My morning routine consisted of taking a quick jog outside, which helped clear my mind and get started on an excellent day ahead.",55.61,0.65,0.34,0.28,0.58
"Working Long Day Today  During this long and demanding workday, my body ached from sitting in one position too long. However, despite feeling tired, I managed to keep up with my routine duties efficiently.",66.05,0.33,-0.4,0.25,0.11
"After an exhausting yet fulfilling evening of restorative sleep, my body felt rejuvenated and ready to tackle another challenging morning ahead. Refreshed after a productive night's sleep, I moved around a bit but mainly settled into sitting positions that allowed me to focus on a few essential tasks while also maintaining some level of mindfulness.",19.12,0.77,-0.05,0.57,0.31
"Today, feeling tired yet motivated to tackle long-term project deadlines. Focus on completing routine administrative tasks that boost energy levels while simultaneously avoiding distractions throughout the morning hours.",17.49,0.36,0.14,0.4,0.57
"Worked Short Day Today  It's been an eventful week, filled with unexpected changes and unpredictable shifts. As usual, I started my shift early this time, which allowed me to catch up on much-needed rest before diving into my duties.",24.92,0.05,-0.02,-0.01,0.48
"Yesterday I woke up feeling exhausted after a long day of work, but I decided to prioritize some self-care activities before tackling my daily routine. As soon as I finished checking emails and getting ready for the day ahead, I took deep breaths to clear my mind and focus on staying present.",24.99,1.0,0.38,0.79,0.7
[Morning] Working like a dog this whole day! Slowly making progress but definitely not at my best. Trying to balance eating well while still working hard.,34.9,0.59,-0.36,0.51,0.28
"Reflecting on my long-overdue morning routine today, I felt refreshed after getting some much-needed rest last night. While I may have missed out on some necessary calories due to the time crunch, I made sure to fuel my body with nutrient-dense options like fresh fruit and whole grains throughout the day.",33.75,0.98,0.72,0.49,0.81
"Today was an average workday where I worked on my laptop, took frequent breaks to stretch my legs, and had some healthy snacks throughout the day. My overall focus was on staying productive while avoiding burnout.",39.77,1.0,0.77,0.27,0.86
"Me this morning: Today has been an interesting experience, both physically and mentally. I woke up feeling restless, my eyes were burning, and my back ached after sitting at my desk all day.",40.78,0.72,0.15,0.54,0.56
"Refreshed from my usual bedtime routine, today started out like any other day at work. However, after finishing up some important paperwork in the morning, I felt refreshed enough to take a quick walk outside.",50.65,0.64,-0.2,0.49,0.13
"Hey there, feeling exhausted after working short days today? Well, I sure did! Today was a challenging yet rewarding one for me, wherein I managed to complete all of my necessary tasks efficiently while also taking care of myself by getting enough restful sleep. As soon as I woke up this morning, I felt refreshed and focused on my work.",54.85,1.0,0.6,0.33,0.81
"Yesterday, after an extra-long evening spent restlessly tossing and turning, my body felt refreshed and rejuvenated upon waking up this morning. The sun shone brightly through my windows, casting a warm light onto my bedroom floor, reminding me of its beauty and its importance.",8.29,0.98,0.63,0.67,0.82
"Moments ago, I woke up feeling exhausted after an exhausting night of studying and preparation for the upcoming examination. As I stared blankly at my computer screen, it dawned upon me that there is much to do today.",20.43,0.51,-0.07,0.43,0.39
"Hey [Friend],  Today wasn't my best day at all. It started out relatively smoothly until I got to work, where things quickly escalated into chaos due to some overwhelming deadlines that kept slipping away from me.",26.64,0.58,-0.24,0.62,0.21
"Yesterday, I spent my entire morning working from home. It wasn't easy but it felt great knowing that I had complete autonomy over my schedule and the things I wanted to accomplish today.",28.52,0.88,0.45,0.4,0.7
"In this brief moment of rest, I felt refreshed yet tired after a productive morning spent tackling several projects and completing some long-overdue household chores. As I settled into my comfortable bed, my mind drifted to thoughts of recharging and getting back on track towards achieving more while simultaneously maintaining my mental wellness.",36.97,0.43,0.3,0.38,0.62
"After an exhausting but satisfyingly fulfilling morning, my body has finally settled into its usual routine of restorative sleep. As I sit here at my desk, fresh-faced and refreshed after my quick yet productive breakfast, I take time to reflect on the past few days.",30.66,0.96,0.85,0.37,0.97
"Dear Diary,  Today wasn't the best experience. After a good night's rest, I woke up feeling exhausted and unmotivated to get started on anything.",34.08,0.45,0.2,0.16,0.62
"Yesterday, I managed to complete several important tasks while focusing on my work without getting overwhelmed by distractions. It was a challenging yet rewarding experience that allowed me to maintain an even keel despite moving around somewhat.",44.12,0.36,-0.3,0.41,0.25
"Dear Diary,  Today has been an average day for me at least, and that's a good thing considering my hectic schedule and overall stress levels. Despite some unproductive moments in the morning (where I had to eat breakfast on-the-go), I've managed to complete most of my daily tasks successfully.",58.57,0.53,-0.07,0.22,0.21
"Yesterday, I had an average working day. I felt both calming and in control throughout it all; my morning routine started off on a positive note with adequate sleep (9 hrs) and regular eating habits that kept me feeling satisfied.",54.23,0.65,0.47,0.13,0.73
"Today, I woke up feeling tired after an exhausting shift last night, my eyes felt sore and heavy, yet I knew that it was essential to stay alert at this job. As soon as I got out of bed, I made myself a quick breakfast consisting of fresh fruits, whole grains, and veggie omelets.",9.09,0.46,0.29,0.38,0.49
"Yesterday, I had a productive and efficient workday that left me feeling both tired yet motivated to tackle my next task list. After finishing up the majority of my daily responsibilities, I found myself staring at my computer screens for what felt like hours.",14.62,0.74,0.12,0.58,0.46
"Dear Diary,  Today has been a great day! Although it wasn't perfect, there were moments of bliss amidst the chaos that comes with my job as an accountant. As I sit here typing away at my computer, I can't help but reflect on what went well and how grateful I am to have such a fulfilling career path.",24.06,0.54,-0.06,0.47,0.41
"Today was an eventful yet productive day for me. After waking up to my alarm clock at 6 am, I got ready quickly, showered, and headed out for a full morning routine.",32.3,0.91,0.07,0.61,0.41
"I spent a peaceful morning exploring my surroundings while taking deep breaths of fresh air. The sun's rays were warm against my skin, creating a perfect atmosphere that calmed my nerves and rejuvenated my soul.",34.7,1.0,0.75,0.45,0.9
"During my morning routine, I woke up feeling refreshed despite a bit of discomfort from my sore muscles that persisted throughout the night. As I grabbed some breakfast at home (healthier options than usual), my body felt stronger thanks to a consistent yoga practice.",31.55,0.91,0.49,0.42,0.8
"Dear self,  Today has been quite busy as usual, but it's not always about achieving everything that we set out to do. Sometimes, our minds can wander away without us even realizing it.",40.32,0.88,0.17,0.67,0.48
"Workday (Typical)  Yesterday, I had to leave early due to unexpected circumstances that required my attention elsewhere. However, despite this minor inconvenience, it didn't derail my productivity or routine.",43.07,0.44,0.06,0.43,0.47
"Today has been a productive one at work, despite feeling somewhat tired throughout the morning due to lack of sleep overnight. I had an uninterrupted period of focus that allowed me to tackle several important tasks without any distractions.",47.31,0.94,0.24,0.73,0.6
"Yesterday, my body felt tired after an exhausting evening of studying and preparation for exams. However, I woke up feeling refreshed and energized, thanks to a great night's rest.",42.42,0.99,0.67,0.37,0.91
"Working Short Day Today I started my shift early this morning but it wasn't until later that I realized just how quickly time had flown by. After completing all of my tasks efficiently and thoroughly, I decided to take a break before tackling another pile of paperwork.",9.1,0.77,0.32,0.51,0.6
"I spent today working regularly throughout the day without feeling exhausted or overwhelmed. While completing various routine tasks such as checking emails, updating social media, reviewing documents, etc.",21.84,0.85,0.25,0.64,0.66
"Workday Today was average, but productive Focusing on work has kept me focused throughout the morning and afternoon, with my best efforts keeping me on track to finish all my tasks before heading home. In the evenings, I've been able to unwind from the stress of my job and take advantage of my downtime to exercise regularly.",31.84,0.8,0.13,0.68,0.53
"Today began like any other typical morning, with a sense of calmness overtaking my body as soon as I opened my eyes. As usual, I got out of bed at the crack of dawn, showered and brushed my teeth before heading downstairs for breakfast.",45.6,1.0,0.38,0.51,0.39
"Mid-morning break, feeling refreshed after an early morning jog at the park, my body greeted me with gratitude. My back felt much better than it had all weekend! While still getting ready, my mind wandered towards the rest of my day, which has been rather stressful.",47.78,0.92,0.33,0.64,0.73
"During my short but effective working day today, I felt a mix of emotions ranging from fatigue (after waking up late) to anticipation for what lay ahead. Although it didn't go according to plan, I managed to get some tasks done and feel more relaxed heading into tomorrow.",55.25,0.96,0.57,0.11,0.71
"Dear [Name],  Today, I woke up feeling refreshed after a restful night's sleep. As soon as my alarm clock rang at 6am, I made myself a nutritious breakfast of whole-grain toast and almond milk.",61.3,0.78,0.26,0.39,0.61
"Today was a challenging yet fulfilling day that required me to balance my hectic schedule while maintaining a healthy lifestyle. Despite not being able to fully engage in my usual routine due to minor aches and pains from sitting too much throughout the day, I managed to complete all tasks with ease and efficiency.",78.28,0.77,-0.14,0.3,0.2
"Today has been a busy yet fulfilling day, starting early before the sun rose to attend a seminar that I have always wanted to participate in. However, by the time I left my house, it had already started raining heavily, so I decided to wait till evening when the weather would be better.",91.17,0.45,-0.19,0.16,0.34
"Late this morning, after feeling exhausted from the previous night's lackluster sleep, I decided to sit back and take it all in. As soon as I sat up, I noticed that there were plenty of opportunities ahead of me today; a chance to catch up on tasks that had been lingering long-term, complete some much-needed research for a project I am currently working on, and simply unwind before moving forward.",96.5,0.22,0.03,-0.26,0.4
"Today has been another long day for me, where I have felt overwhelmed by various stressors that keep piling up one after another. However, despite these challenges, I have tried to maintain a steady pace of activity throughout the day.",16.7,0.34,-0.1,0.49,0.32
"Yesterday, despite feeling exhausted after finishing some long hours of working from home, I managed to accomplish most of my daily responsibilities while staying mindful about my physical state through regular exercises. As I stared at my computer screen, I felt a sense of motivation and energy that allowed me to tackle each task without much difficulty.",14.02,0.98,0.82,0.53,0.83
"Yesterday, I woke up to an unpleasant morning headache that persisted throughout the entire day. Although it wasn't debilitating enough to make my morning routine difficult, it did take away some of the excitement in preparing for today's schedule.",25.29,0.66,-0.2,0.64,0.23
"At 6 am today, I woke up feeling refreshed yet anxious for my busy schedule ahead. As I stepped out of bed, I took deep breaths and focused on what needed to be done.",19.95,0.98,0.66,0.49,0.82
"Sitting at my desk this morning, my body slowly stirred into life. The gentle hum of birds outside muted against the background noise of my office's electronic cacophony.",26.72,0.78,0.55,0.36,0.66
"Yesterday, while working on multiple tasks, I had trouble focusing due to a busy mind and anxiety over deadlines. However, during lunchtime, I ate a nutrient-dense breakfast consisting of avocado, spinach, almonds, and turmeric latte that kept me feeling energized throughout the rest of the day.",28.62,0.71,0.35,0.17,0.61
"Yesterday, I spent an average day working on projects that helped my team achieve our goals. Aside from routine tasks such as checking emails and completing reports, there were moments where I felt a sense of purpose and satisfaction knowing that I contributed to something meaningful.",28.29,0.25,0.13,0.18,0.44
"Today has been a typical yet satisfying one. After an early wake-up call (which is something new), I started my usual routine - breakfast at home before heading to work.",32.5,0.37,0.03,0.28,0.42
"Yesterday, while working on my daily tasks, I found myself feeling restless and unfulfilled. The average amount of productive hours had decreased slightly from the previous week due to minor distractions during breaks and communication interruptions.",36.75,0.72,0.18,0.26,0.58
"Yesterday, I woke up feeling tired but focused on completing my workload while ensuring that it didn't feel like a chore. Despite working long hours, I managed to finish all of my tasks within the given time frame.",41.86,0.88,0.34,0.46,0.65
"Today has been an exhausting but fulfilling one for me, as it's always been challenging getting my full attention during a typical workday. However, this time around, despite feeling drained at times due to being overworked, I have managed to maintain focus and productivity by consistently prioritizing my daily routine of eating well-balanced meals, exercising regularly, taking breaks when needed, and checking off essential tasks that contribute to my overall success.",12.76,0.89,0.39,0.51,0.7
"Me today: Worked regular hours (which were typically challenging) yet managed to complete many important tasks without any distractions, leaving me feeling productive and motivated throughout my day. Eaten well-balanced meals that included plenty of vegetables and lean proteins, allowing me to feel full and energized.",21.98,0.33,-0.25,0.65,0.31
"Spoke to myself today like my boss would have. Felt anxious at times but handled it well enough, got up on time and did what needed doing.",25.3,0.97,0.6,0.6,0.7
"Today has been an average day at work, focusing mainly on tasks that require my attention while working remotely. After completing all necessary responsibilities, I spent some time reflecting on what I accomplished during the day.",46.19,0.74,0.2,0.44,0.39
"Me: Today has been an average day of productivity. As usual, I woke up to some sunlight streaming through my window, feeling refreshed after a decent night's sleep.",52.92,0.42,0.14,0.3,0.32
"Hey there! Today, despite feeling exhausted after working on this project all day, I managed to get up early, had a healthy breakfast that included some leafy greens and whole grains, walked around the block for a few minutes before getting into the shower, took my morning vitamins (which were made fresh), did some light stretching exercises, then got dressed, put on some music to keep myself motivated throughout the workday, and started working on projects that required focus, attention, and discipline. It was a great start to a busy weekend full of opportunities to rest, reflect, and recharge.",53.89,0.75,0.48,0.28,0.71
"Late morning sun rays filtered through the window while I sat down to work on this journal entry for today's routine. My mind was preoccupied by the idea that life has been so busy lately, yet the days seem to be slipping away without enough time spent together.",51.02,0.99,0.96,0.22,0.88
"Today, despite my best efforts to get a full night's rest, I found myself awake and hungry at about 9 am. My usual routine didn't quite pan out due to a mix-up in schedules, so I had a brief sit-down period before heading back to work.",64.32,-0.02,-0.43,0.14,0.21
"In this typically lazy morning, my body ached from lack of movement throughout the previous night's restless hours. However, despite feeling sluggish at the outset, I managed to make some conscious efforts during the early stages of the workday.",79.07,0.31,-0.31,0.2,0.13
"Today has been a great day! Apart from eating my usual balanced breakfast, I've been able to move around a lot more than expected today due to some unexpected changes in my schedule. However, it hasn't been all smooth sailing.",85.6,0.42,0.12,0.12,0.54
"Yesterday I had a challenging day that started out relatively smoothly until my alarm clock rang at an ungodly hour of 5 AM (my bedtime). I woke up feeling groggy and not quite ready to face the day ahead, but thankfully I managed to get out of bed and make it to work before the chaos set in.",17.07,0.88,0.27,0.77,0.68
"Today has been a typical day, one that I have spent working throughout the morning and afternoon hours, making sure to accomplish several tasks before taking a break for lunch. My body felt somewhat relaxed, which allowed me to move more freely during my breaks without feeling exhausted or overwhelmed by my workload.",30.46,0.3,-0.16,0.53,0.34
"Sitting here today has been a rollercoaster of emotions. Apart from feeling exhausted after spending hours working online, I have also felt motivated to tackle all that needs done within this week.",41.38,0.88,0.09,0.5,0.54
"Dear Diary,  Greetings from another mundane yet fulfilling morning. As always, I woke up feeling exhausted after a rough night's sleep, but this time, it wasn't a bad one.",53.2,0.63,0.01,0.28,0.45
"Yesterday's workday wasn't too shabby. After getting up early, I started my morning routine by exercising at home before heading out to meet my colleagues for an efficient yet fulfilling work session.",56.39,0.96,0.7,0.3,0.79
"Personal Reflection Today I had an average-to-okay morning, which allowed me to get started on my tasks without feeling overwhelmed. However, I did not have much energy during the early part of the day due to lack of sleep from my usual schedule.",62.21,0.95,0.26,0.24,0.54
"During today's busy schedule, it felt daunting to make sure that every moment counted, especially when the rest of my family had already gone to bed. However, after sitting down and taking some deep breaths, I found myself feeling more focused than ever before on achieving my daily goals without letting any distractions derail them.",67.77,0.39,-0.03,0.1,0.53
"Today, while working on projects and completing tasks within my routine, I had to move about quite frequently due to unforeseen circumstances that resulted in some discomfort and unease. However, despite feeling restless at times and lacking focus, overall, I felt confident, calm, and in control throughout the entirety of my shift.",71.46,0.52,0.21,0.06,0.61
"Sitting at my desk today, exhausted yet contented after completing several critical tasks. The sun shining brightly outside while I breathe deeply into the morning air.",81.87,0.7,-0.07,0.35,0.44
"Today, despite an exhausting day that started early in the morning with a long shift at my job, I managed to keep up with my daily routine without compromising on any aspect. While eating lunch in the office cafeteria, I tried my best to select healthy options, but unfortunately, they were not always available due to time constraints.",95.98,0.21,-0.51,0.08,0.17
"Today I woke up to an uneven routine, yet managed to get through my usual daily grind without breaking any major rules. A short break in the morning allowed me to catch up on some much-needed restful sleep before commencing another exhausting workday.",22.74,0.14,-0.44,0.34,0.14
"Yesterday, despite feeling tired after an exhaustive morning at the office, I made it through another productive working day. My body had adjusted nicely to the sunshine and warmth of my home, so I decided to take advantage of my fresh air during my lunch break.",28.95,1.0,0.62,0.55,0.75
"This is my daily routine that started today: - Woke up to gentle morning breezes that caressed my skin like delicate tendrils of hair. The sun's warm rays streamed through the curtains, casting a soft golden light over our home.",32.82,1.0,0.18,0.76,0.49
"Yesterday was an average workday where I managed to get some critical work done amidst my busy schedule. However, it wasn't without its challenges - eating healthier snacks throughout the day, getting enough sleep, staying focused at work, and not letting any distractions interfere with productivity.",41.39,0.68,0.19,0.42,0.58
"Today, my body felt achy throughout the morning after an extended period of sitting at my desk without any movement. The sunlight streaming in the window made it feel warmer than usual despite being unbearably hot outside.",53.76,-0.03,-0.61,0.11,0.09
"Today was a relatively easy going workday where I managed to complete most tasks on time without any major setbacks. Apart from working long hours (which felt comfortable), I also took breaks frequently throughout the day, which helped rejuvenate my energy levels.",53.8,1.0,0.83,0.28,0.9
Yesterday was a challenging yet rewarding day. It started off with a short workday but I made sure to take breaks throughout the morning to stretch and get some fresh air.,52.84,1.0,0.73,0.19,0.91
"Today, despite having a few hours less than planned due to a late arrival at my office, I still managed to get an adequate amount of work done. As usual, I started the morning with a healthy breakfast consisting of fresh fruit, oatmeal, and protein powder before heading straight into meetings and email checks.",59.74,0.23,-0.07,0.03,0.46
"Dear [Name],  I woke up feeling exhausted after a long and stressful night of work. It wasn't easy getting out of bed this morning, but once I did, I immediately felt refreshed and energized.",58.22,1.0,0.77,0.3,0.88
"Yesterday, I started off on a more relaxed note than usual, but that quickly changed when I woke up feeling overwhelmed by the demands of my workload. However, despite feeling exhausted, I made sure to take it easy during the morning hours while still getting some important tasks done.",59.59,0.81,0.67,0.04,0.76
"Mornings can be rough sometimes. After an uneventful night's rest, my mind was still foggy at this point, so I started to get things done slowly and methodically.",22.36,0.88,0.18,0.67,0.42
"Working Long Day The sun peeked over the horizon, casting a warm glow across my office. My fingers tapped against my keyboard as I typed away at yet another deadline.",30.86,0.47,-0.42,0.44,0.29
"This morning, after working an average day, I focused my efforts towards completing various routine tasks while moving around to different areas of the office where needed. Despite being surrounded by colleagues and having some distractions, I managed to accomplish what I set out to do without experiencing any significant disruptions.",37.77,0.38,-0.23,0.41,0.16
"After waking up at my usual hour of 6 am this morning, I found myself feeling rested and refreshed from a full night's sleep. Despite having a busy schedule that involved working remotely throughout the day, I managed to get everything done without any major difficulties.",42.75,0.92,0.38,0.51,0.61
"Today was a long but fulfilling workday that allowed me to tackle a few unfinished projects before returning home to rest and recharge. While there were some distractions (such as unexpected emails at odd hours), it's always reaffirming when a busy schedule allows one to feel centered and productive.",46.89,0.96,0.58,0.55,0.84
Today was a very quiet yet fulfilling day at work where I tackled several tasks efficiently while staying focused on my priorities. It felt nice to step back and recharge my batteries after being overwhelmed by stressful situations last week.,48.63,0.51,0.24,0.12,0.56
"After an exhaustive night's rest that left me feeling refreshed yet drained, I sat down at my desk determined to tackle another long-awaited task. As I grabbed my pen and notepad, a sense of calm descended over me like a warm blanket.",55.11,0.96,0.36,0.6,0.7
"Today was a challenging day at work that started late due to an unexpected delay in my morning commute. Despite feeling stressed out from the situation, I managed to stay focused on my tasks without any distractions or negative thoughts.",63.82,0.68,-0.3,0.41,0.36
"Sure! Here's a sample 2-sentence personal reflection based on today's events:  Today, I woke up feeling refreshed after a good night's rest, got out of bed around regular hours (around 7 am), had some breakfast, took a few more walks outside before starting my workday, completed most of my tasks within an efficient time frame, felt calm and focused throughout the day, and overall experienced an improvement in mood and energy levels compared to yesterday. However, at times during the day I did experience moments where I caught myself thinking negatively instead of focusing on what needed to be done next - these were brief.",62.8,1.0,0.69,0.37,0.72
"Yesterday was an average day filled with routine tasks that left little time for anything else other than completing my daily chores. However, despite the lack of excitement, I managed to get some decent quality rest throughout the night before waking up feeling refreshed but still somewhat exhausted.",63.84,0.89,0.73,0.14,0.8
"I woke up feeling restless and disoriented due to jet lag, but managed to get out of bed and make it to my daily routine without too much hindrance. This included eating a nutritious breakfast consisting mainly of fruits and veggies (which felt satisfying), moving around for some fresh air during my morning commute, and engaging in light cardio exercises before starting work.",11.02,0.58,0.5,0.1,0.7
"Dear Self,  I'm glad to report that my day was relatively smooth sailing despite having some issues earlier this morning. The sun rose beautifully, providing a warm and inviting morning breeze while a light rain showered outside.",9.23,0.98,0.58,0.54,0.83
"Yesterday, I spent most of the morning walking on the treadmill to get some exercise while listening to my favorite music. It felt great! As soon as I got off it, I started working from home, which had been a struggle for the past few weeks due to unexpected commitments.",13.35,0.3,-0.03,0.23,0.41
"Yesterday, I woke up to an unpleasant breakfast of oatmeal and coffee. It wasn't my favorite morning routine, but I managed to make it through the rest of the day without feeling too disheartened by the prospect of another grueling week ahead.",22.16,0.6,-0.33,0.62,0.24
"Worked Typical Day [insert time] at my desk. It felt somewhat repetitive, especially considering the amount of emails and meetings that came through throughout the morning.",25.43,0.58,-0.17,0.57,0.38
"This morning, my body felt clammy and uncomfortable after a long and exhausting night of working. As soon as I woke up, I took a few deep breaths to clear my mind and focus on getting ready for the day ahead.",36.54,0.99,0.23,0.72,0.48
"Today has been a relatively productive one, despite feeling like I woke up to an early alarm clock. With minimal distractions throughout my morning routine, I managed to complete several important tasks that I had set out to accomplish.",42.97,0.46,0.0,0.53,0.28
"Sitting here on this quiet morning, feeling refreshed after a long restful night, I take deep breaths to calm my racing thoughts and clear my mind. Today has been another tiring yet fulfilling workday where I managed to accomplish many tasks without much stress or frustration.",45.23,0.48,0.16,0.28,0.61
"Coffee in hand this morning, it felt like an energizing brew. As I made my way out of bed, a gentle breeze brushed past my face, bringing with it the fresh scent of dewy grasses.",43.8,0.86,0.38,0.35,0.69
"Dear Self,  Today was not an easy one. Despite feeling freshly energized upon waking up, I found myself struggling to focus on my tasks throughout the morning.",48.61,0.73,0.23,0.22,0.48
"This morning, feeling fresh and alert, I woke up to an abundance of sunshine pouring through my window. As I stretched out my arms, I noticed that my body felt light and limber, almost weightless.",25.75,0.95,-0.01,0.76,0.32
"Today, I woke up feeling refreshed after restful sleep, so I decided to get going early before the morning rush started. My routine consisted of working diligently through the day until late into the evening when I made sure to step away from my desk and take some time for myself.",30.57,0.97,0.47,0.51,0.71
"The sun rose over my bedroom window like a gentle morning breeze this morning, its warmth filling every corner of my space. As I pulled back the covers, I felt refreshed and energized after a restful night's sleep that had left me feeling rejuvenated.",35.76,0.97,0.46,0.85,0.66
"In today's hectic schedule, it feels exhausting to stay focused on all the tasks that need to be completed before heading out for another busy day. However, I am able to manage through proper planning and healthy eating habits.",56.49,0.68,-0.09,0.36,0.19
Yesterday was an average day at my job. I managed to complete some routine administrative duties without any major hiccups despite feeling tired after a long weekend.,74.52,0.55,-0.25,0.34,0.27
"(To be written in the style of a casual journal entry)  Okay, it feels like yesterday when I woke up to this dull-looking sunrise peeking through my window. Today, however, has been a mixed bag – a slightly hectic yet productive day nonetheless.",90.0,0.29,-0.33,0.04,0.23
"Mid-morning shift started early this time, but my body felt ready to take on whatever came next. I had completed some paperwork during lunch break, which allowed me to quickly pack up my desk and head out into the hallway.",95.41,0.57,0.1,0.07,0.51
"Today, my schedule was relatively busy, yet it seemed to fly by. As usual, I started off early and headed straight into my work routine, which usually involves sitting at a desk for hours on end.",105.92,0.7,-0.13,0.26,0.33
"Morning sun peeked through my windows as I stumbled out of bed, groggily dragging myself into the kitchen to grab some breakfast. As I sat at the table, sipping on my coffee, I felt the familiar tug at my belly - this time it wasn't from hunger, but instead a sense of calmness and inner peace that I had been craving these past few days.",117.35,0.94,-0.02,0.37,0.34
Yesterday was a typical day for me - average but not extraordinary. I spent most of my time working on an important project at home until late into the evening.,120.7,1.0,0.5,0.28,0.73
"Dear self,  Today has been one of those days where I felt exhausted and stressed out from the long workday ahead of me. However, despite being tired, I managed to complete some important tasks, eat nutritious meals, check in with my responsibilities, and move around a little.",15.64,0.61,-0.22,0.66,0.18
"This morning, feeling refreshed after a restful evening's sleep, I woke up early enough to take advantage of the sunrise and get my daily routine started. Despite some minor hiccups along the way - such as a missed call from an important client requesting immediate action - I managed to complete a few crucial items before making breakfast, heading out for my morning run, and returning home just in time for lunch.",18.13,0.73,0.33,0.51,0.61
"This morning, after a restful night's sleep, I woke up early enough to indulge in my favorite breakfast of freshly brewed coffee and an avocado toast. The sun slowly peeked above the horizon while I savored each bite, feeling refreshed yet content at having earned this little slice of peace and quiet amidst the chaos of daily life.",17.84,0.94,0.56,0.37,0.7
I spent today feeling exhausted but motivated from hitting some work targets earlier this week. The morning started off with me staying up late last night to finish a few emails before getting ready for work.,22.18,0.69,0.31,0.28,0.53
"Today, after a long week of working like clockwork, I felt satisfied and accomplished in my role at the office. However, despite completing all the necessary tasks within our department, there were still a few things left undone that required more time and effort to complete.",37.16,0.48,-0.27,0.36,0.14
"(Journal Entry)  Dear [Name],  Today has been a bit of a rollercoaster ride, but despite feeling fatigued from lackluster sleep throughout the night, it's all worth it once I wake up each morning! Aside from getting enough shut-eye, I feel more focused and motivated than usual. To add some balance to my routine, I decided to take a quick walk outside this afternoon after checking several things off my to-do list.",37.67,0.87,0.38,0.64,0.56
"Today I woke up feeling refreshed and ready for another successful day at work. My routine is usually quite busy, but today was different.",38.16,1.0,0.32,0.82,0.66
"Today I had an uneventful yet fulfilling day that started early due to an unexpected shift change at my job. However, despite feeling fatigued by mid-morning, I remained focused on completing my daily responsibilities while also taking care of myself through balanced eating habits, regular exercise, and adequate rest.",47.61,0.82,0.14,0.61,0.37
"Sitting here, wrapped up in a cozy blanket on this chilly winter morning, feeling exhausted from a long night of studying last night and trying to keep up with workload despite having slept poorly. However, despite these challenges, I feel motivated and refreshed after winding down and eating a nutritious breakfast made with whole grains and lean protein.",54.03,0.62,0.15,0.21,0.44
"Worked typical day today, feeling relaxed yet focused at times. Avoided distractions to keep my thoughts centered on work tasks.",56.37,0.52,-0.27,0.47,0.34
"Yesterday, despite an unremarkable night's rest, I woke up feeling refreshed yet exhausted at the same time. My body ached from lack of sleep, while my mind remained focused on completing various tasks throughout the morning hours.",8.44,0.63,0.16,0.5,0.63
"Personal Reflection Today Worked typical day, feeling exhausted by late nights at home and long hours at the office. Focused mainly on completing my daily tasks, checking off most of them to leave more time for other activities that bring me joy.",17.34,0.87,0.03,0.73,0.39
"Morning, everyone! Today, I started my day by eating a nutrient-rich breakfast that included fruits like berries, avocado, and nuts, along with some Greek yogurt topped with fresh herbs. While working, I focused on completing most of the assigned tasks without much difficulty.",25.41,0.37,-0.38,0.61,0.3
"Dear self,  Tonight was a great night's sleep, thank you! After getting out of bed at my usual hour (around 7 AM), I felt refreshed and ready for the day ahead. As I made myself a warm cup of coffee this morning, I couldn't help but smile when I noticed that it had been a full moon outside today.",24.95,0.98,0.65,0.49,0.8
"Woke up to an unfamiliar noise outside my bedroom window, my heart racing with excitement as I got ready for work today. After grabbing some coffee from the cafeteria, I took a deep breath and headed out into the bustling city streets.",31.22,0.49,-0.08,0.48,0.38
"Me: Hey there! Today has been quite hectic for sure, especially since I had to take a walk outside during lunch break just to clear my head after working all morning long. However, despite feeling exhausted by the end of the day, I managed to finish up some important assignments before heading back in.",43.64,0.65,-0.12,0.46,-0.03
Yesterday was an average day for me. It started early in the morning when I finally got up from my slumber to grab some breakfast before heading out on my daily commute.,53.43,0.13,-0.01,0.07,0.3
"During my typical workday today, I managed to get through most of it without any major setbacks despite being tired from yesterday's long shift at work. However, there were still a few missed opportunities due to overindulgence in snacks that left me feeling sluggish afterward.",59.92,0.18,-0.37,0.24,0.26
"Living alone is not easy sometimes, especially when moving about throughout the day can be a challenge. Today, I've had an uneventful but satisfying day at home, where I managed to balance my hectic schedule while maintaining healthy eating habits.",65.58,0.45,0.3,0.05,0.54
"Today, I woke up feeling exhausted after a long weekend of restful sleep. My eyes stung from the early morning sun, but otherwise my body felt refreshed and energized.",65.06,0.98,0.46,0.53,0.57
"In this moment, my body is achingly tired from yet another full-day of working. The sun has just begun to rise over the horizon, casting an eerie glow across the office building where I spend much of my time these days.",23.33,0.55,-0.34,0.48,0.13
"Today was my typical day at home, where I had to move around more than usual due to some family issues. However, despite this hectic schedule, I managed to balance out all my responsibilities successfully without feeling overwhelmed.",27.56,0.75,0.13,0.55,0.47
"Dear Diary,  Today was just another normal workday. I woke up feeling tired and groggy after a restless night of tossing and turning in bed.",39.33,1.0,0.26,0.64,0.4
"Today was an average day at my desk job. Despite moving about a little bit during the day, I felt relatively productive throughout.",40.79,0.39,0.18,0.11,0.5
"This morning, as I took my morning stroll around town, my muscles were tense from the long days of work at my desk. However, I managed to clear them out during my daily routine, leaving me feeling refreshed and rejuvenated after an exhausting day.",48.35,0.91,0.32,0.53,0.53
"This morning, I woke up refreshed after a productive night's rest. As I sit down to begin my daily routine, I feel an energetic buzz that permeates through every part of my body.",58.38,0.89,0.15,0.48,0.39
"Today has been an average day of productivity, full of both challenges and rewards. Despite feeling slightly overwhelmed at times due to my busy schedule, I have managed to accomplish some significant tasks that I am proud of.",59.21,0.47,0.27,-0.18,0.64
"Me: Today, despite my hectic schedule and lack of time to prepare nutritious meals, I managed to eat a well-balanced breakfast consisting of an egg omelette, whole wheat English muffin, spinach feta cheese, sliced tomatoes, and black beans. Although it wasn't my preferred cuisine, but at least it gave me enough energy to focus on my work without feeling sluggish throughout the day.",59.71,0.89,0.56,0.11,0.78
"This morning, after a productive yet exhausting workday, I started my usual routine of eating a well-balanced breakfast consisting of fresh fruits, veggies, whole grains, nuts, and protein powder. As I began to check some important tasks off my list throughout the day, I realized that it had been quite a while since I took a proper restorative nap beforehand.",70.01,0.64,-0.03,0.4,0.4
"I woke up feeling refreshed after an restful night's sleep. After getting dressed and showered, I made myself breakfast consisting of a few balance meal options such as eggs, whole grain toast, and some fresh fruit.",66.46,1.0,0.72,0.24,0.72
"Today was an average day. While moving around a bit, working through many routine tasks that required my attention, I spent time reflecting on how fulfilling it all has been so far in this new job.",26.85,0.48,-0.15,0.58,0.23
"Today, despite feeling exhausted after completing my usual routine of checking emails, meeting deadlines, and attending meetings throughout the morning hours, I found myself focusing more on productivity than distractions. As soon as I walked into the office, I started working on critical projects that were due today, which allowed me to stay focused and avoid any additional interruptions.",40.81,0.78,-0.01,0.56,0.34
"Dear self,  Today has been quite eventful. As usual, I had a short but productive day where I managed to complete several tasks without feeling overwhelmed by stress.",47.27,0.79,0.55,0.22,0.6
"Yesterday, during my early morning hours of wake-up time, I found myself feeling anxious yet overwhelmed at the prospect of another grueling day ahead. However, despite the initial fears, I decided to take small steps towards self-care and prepared myself for an uneventful day that would require minimal physical effort.",53.77,0.73,-0.08,0.53,0.34
"This morning, despite feeling exhausted after another long and hectic day, I managed to get through it without collapsing onto the couch. This is not always easy considering how busy life has become these days.",71.39,0.32,-0.27,0.33,0.26
"In this day, I had to juggle between my usual routine of working at home while managing household chores. However, despite it being a busy schedule, I managed to balance well with eating nutritious and balanced meals everyday.",79.75,0.95,0.2,0.54,0.51
"Okay! Today has been quite challenging for me given that I had a rough night last night due to some stressful events happening around work. However, despite this, I have managed to maintain my focus and motivation through various strategies such as taking regular breaks, exercising daily (even if it's just walking), and ensuring that my bedtime routine is consistent.",80.81,0.76,0.51,0.25,0.79
"In today's typically bustling world, I found myself feeling stressed yet grateful for having enough energy to move about without much discomfort. However, despite that, it seemed like there wasn't enough time left for anything else; every moment felt precious, except maybe during those short bursts when I could simply rest my eyes.",93.86,0.82,0.12,0.3,0.52
"Today was an average workday for me - I didn't feel overwhelmed by any urgent tasks, had a well-balanced breakfast, made my lunches with some added fresh produce and nuts, gotten through most of the day without any major issues, and ended it on a positive note by taking a brief jog after dinner. However, I still felt a little off-balance at times due to the hectic pace of my life, but overall, this is a great start to a weekend that will allow me to unwind and recharge before tackling more demanding projects next Monday.",94.83,1.0,0.79,0.1,0.79
"Last night, despite feeling tired after a long shift at work, I decided to take my mind off things by going for a quick jog around the neighborhood before heading back to my desk. The cool morning air felt refreshing against my skin as I pushed myself harder than usual; I finished strong, feeling energized and rejuvenated for the rest of the day.",93.79,0.66,0.36,-0.13,0.69
Lost track of time while working in a bustling office environment today. It was hotter than usual but I tried not to overheat by taking breaks every hour.,14.65,0.83,0.37,0.39,0.67
"Yesterday's workday wasn't quite what it used to be, but despite feeling overwhelmed at times due to my high-stress job, I managed to get through it without any major setbacks. However, today has been more relaxed and peaceful, allowing me to recharge before tackling another busy week ahead.",13.5,0.42,0.32,0.3,0.56
"After another long shift yesterday, I found myself feeling drained yet motivated to tackle whatever tasks were on my plate today. While I may have been exhausted from working overtime last night, I knew that it would be best to stay focused and committed to completing everything I had set out to accomplish.",21.44,0.32,0.05,0.2,0.45
"Mid-morning break: A little more time to sit around and think about things before heading into my next task. The sun is shining brightly outside, warming up this crisp autumn morning.",29.53,0.11,-0.43,0.42,0.17
"Sure! Here's an example:  Today has been a challenging yet satisfying one for me. After a long weekend away from home, I found myself feeling overwhelmed by the amount of to-do lists that had piled up on my desk at work.",41.44,0.47,0.15,0.2,0.46
"Sawyer sat up from her nap feeling anxious and groggy this morning. She knew that she had been working late last night, but she couldn't shake off the sense of dread that plagued her at every opportunity.",44.41,0.13,-0.04,0.02,0.4
"After a long night of uninterrupted rest and adequately scheduled activities, I woke up feeling tired but alert. After taking care of necessary grooming and breakfast routines, I spent some time focusing on work before turning towards other daily tasks.",47.11,0.97,0.51,0.44,0.79
"Dear self,  Today has been a busy but productive one for me. Despite feeling exhausted after waking up late due to last night's party, I got everything done within a tight timeline while staying focused and accountable throughout the morning.",46.36,0.91,0.6,0.34,0.79
"Worked Typical Day Today  Dear [Insert Name],  I am thrilled to report that today has been an average but productive one! Despite feeling a bit overwhelmed at times due to my busy schedule, I have managed to accomplish most of my daily goals while maintaining balance between work and leisure activities. One of the highlights was checking all my tasks off efficiently without any errors, which gave me a sense of relief knowing everything is progressing well.",51.99,0.95,0.38,0.62,0.75
"Dear Mom,  Last night, I slept like a rock thanks to an excellent night's rest. This morning, I woke up feeling refreshed after a well-rested night.",58.24,0.91,0.02,0.56,0.36
"I spent a productive morning at my desk working on several projects while also taking some brief breaks to stretch and breathe deeply. Although the weather conditions were less than ideal due to the rain outside, it felt good to be surrounded by a cozy environment that allowed me to focus fully.",19.01,0.6,0.09,0.38,0.54
"I woke up to an uneventful morning routine that consisted of eating a varied combination of whole grains, fruits, and vegetables, moving around some during the day, having average sleep quality despite trying my best to get it better, and feeling fairly content overall. However, amidst all these normal activities, there were a few minor moments that caught my attention today - one being when I got out of bed, stretched my legs out a little more than usual, and noticed how the sunlight streaming into our small room felt like a warm hug on my face.",22.18,0.41,0.24,0.22,0.51
"This morning, after a long night of sleep and relaxation, I felt confident that my body would support whatever I needed to accomplish today. As soon as I stepped out into the bright sunlight, I took deep breaths to regain focus before beginning my daily routine.",25.61,0.31,-0.03,0.47,0.4
"Today has been an exhausting yet fulfilling experience. After a long night of working, it's nice to finally get some rest before starting another busy day.",34.73,0.89,0.45,0.62,0.71
"Today has been one of my busiest days at work yet. Despite feeling exhausted after the endless deadlines and long hours put forth, I have accomplished more than what I could've hoped for.",35.97,0.45,0.32,0.37,0.53
"Reflecting on a typical workday where I felt fully refreshed after a good night's rest, feeling calm and in control despite not getting much done today. The morning began with an early rise that left enough time to make some healthy breakfast options without having to rush out the door.",39.1,0.47,0.27,0.22,0.65
"Working Short Day Today  Since my last entry, it's been an interesting day filled with many different things that have helped shape this moment in time. For starters, I woke up feeling somewhat energized despite having spent most of yesterday moving around and settling into a new space.",42.83,0.45,0.17,0.2,0.45
"I woke up refreshed after a decent night's rest, feeling energized throughout my entire day. The routine of early morning walks followed by light exercises kept me moving all day long.",43.55,0.75,0.42,0.23,0.59
"Sitting at my desk today has been challenging for me due to various factors, including not having enough time to complete all of my work in one sitting. However, despite this challenge, I have managed to focus on completing some essential tasks that were completed during my morning breaks.",54.85,0.79,-0.12,0.46,0.28
"Sure thing! Here's an example of how to write your own 2-sentence reflection:  Worked Typical Day  I spent the entire day working at my desk, checking off most tasks efficiently without much stress. I felt focused, motivated, and in charge, which made it easier to handle the routine demands of the job.",62.24,0.53,-0.13,0.34,0.42
"Mindfulness meditation | Daily routine | Mindful breathing | Gratitude journaling | Positive affirmations | Self-care rituals | Reflective journalling  This morning, after a challenging and exhausting day, I focused on mindfulness meditation to recharge and refresh myself mentally. It took some time to find the right position that allowed me to relax completely, but once I did, I felt grounded and centered.",26.38,0.58,-0.11,0.47,0.22
"Today has been one of those days where everything feels like it requires more effort than usual. My eyes have been burning for hours now, and my back is still stiff after getting out of bed.",33.16,0.87,-0.26,0.54,0.09
"During my brief workday today, I found myself feeling particularly weighed down by the stresses of daily routine. Despite checking off all major tasks before heading out for the day, it felt like there were still unfinished items lingering at the back of my mind, preventing me from fully relaxing.",34.59,0.95,0.4,0.54,0.66
"Today was an average day spent sitting at my desk working on tasks without any breaks. However, there were moments where I felt hungry but didn't have time to eat.",41.41,0.17,-0.33,0.3,0.21
"Meal prep: Today I ate a nutritious breakfast that consisted of whole grain toast, avocado, tomato, and almond butter, followed by fresh fruits throughout the morning. As I made myself a smoothie for lunch, I took some time to review my weekly to-do list while sipping away at it.",44.38,0.98,0.53,0.44,0.81
(To myself) Today was a typical working day. I got up early and started by taking some deep breaths before diving into my work routine.,48.79,0.96,0.37,0.64,0.73
"Me: Today, despite moving around quite a bit throughout the morning, my body felt well-rested and energized after a balanced breakfast of nutritious meal options that included plenty of fruits, vegetables, whole grains, and lean proteins. Despite feeling like it was going to be another tough day at work, I managed to finish up several critical tasks in time and took some mental breaks during the afternoon to recharge before settling into my regular routine.",57.26,0.79,0.05,0.45,0.29
"During today's brief but productive morning shift, I felt a sense of purpose and momentum that had been missing since last week. Despite some unexpected challenges that arose during my lunch break, I managed to complete all assigned tasks before hitting snooze at the perfect moment.",54.6,1.0,0.55,0.46,0.83
"Yesterday's [short] workday didn't go as planned. Although it seemed like an easy task at the beginning, by mid-afternoon, my focus began to waver, leading to a complete lack of productivity.",61.68,1.0,0.35,0.28,0.72
"Workday today felt average, with my focus mainly directed towards completing several routine tasks before heading out to handle some client meetings. However, despite feeling tired by mid-morning, I managed to complete all necessary administrative responsibilities efficiently.",64.74,0.66,0.19,0.32,0.59
Reflecting upon my day spent working in an office without any breaks. The morning started out slowly but quickly turned into a frustrating and exhausting schedule that didn't allow me to catch up on much of anything at all.,23.31,0.62,-0.43,0.53,0.13
"Breathing in, my heart beats faster than usual. The sound is barely audible from outside the room; I can hear myself breathing through my mouth instead of the traditional nose-to-lung method.",23.08,0.24,0.14,0.07,0.52
"Today, despite feeling exhausted after last night's late shift, I managed to stay productive throughout the entire workday by focusing on completing routine tasks efficiently. My morning commute started early but I made sure to take regular breaks every hour so that I didn't get too tired during the long drive home.",23.29,0.99,0.65,0.55,0.86
"In the morning, feeling refreshed after my daily routine of eating healthy meals and exercising, I woke up early enough to check if there were any missed tasks that needed attention. It's been a busy week, but today felt more manageable than usual because it had started out relatively well.",25.85,1.0,0.36,0.83,0.64
"I woke up refreshed this morning, my body feeling calm and in control after an enjoyable night's rest. As I stood at the bathroom mirror looking in the mirror, I felt a sense of relief wash over me - finally getting out of bed without any excuses.",33.04,0.96,0.62,0.53,0.69
"Late Night Snack: A mediocre chicken sandwich from the local diner  Journal Entry for Someone Who Ate Inconsistently Today:  - Started off my day feeling sluggish and unmotivated due to a late night last night where I indulged in a subpar snack. But after a quick nap and an early morning run, I made it out alive! Despite having had very little time for self-care this morning, I still managed to accomplish quite a bit throughout the day - despite feeling like I didn't really get much accomplished at all.",43.19,0.2,-0.6,0.26,0.04
"Working Typical Day This morning began with an unpleasant feeling of fatigue that had been plaguing my body throughout the evening hours. The routine checklist completed earlier felt somewhat daunting when compared to the busy schedule ahead, but I knew it would help me stay focused on the task at hand.",46.36,0.97,0.44,0.72,0.71
"Yesterday, despite feeling tired after an extended shift at work, I woke up early, eager to get started on my routine. As I made breakfast, I reflected on how grateful I am for having this opportunity to make a positive impact each day.",50.73,1.0,0.33,0.69,0.65
"During today's typical routine, my mind felt restless at times due to some nagging worries that seemed insurmountable at first glance. However, as I got into my daily activities, I found myself feeling more centered and grounded than ever before.",60.06,0.68,0.27,0.38,0.41
"Today has been a long one - I started off feeling exhausted but managed to balance out the morning by staying on track with my daily routine. After breakfast, I took a brisk walk outside to clear my head and get some fresh air.",60.96,0.49,0.37,0.03,0.52
"Yesterday, despite my morning routine consisting of getting ready for work and checking emails, I felt energized and focused throughout the entire day. After a grueling workout at the gym, I came home feeling refreshed and rejuvenated.",26.46,1.0,0.32,0.7,0.53
"Dear Journal Entry,  Yesterday felt long but productive. For once, I woke up feeling refreshed and focused on completing tasks without feeling overwhelmed by distractions.",22.97,0.99,0.66,0.42,0.86
"Workday today went relatively smoothly. After a restless night of tossing and turning due to poor quality sleep, I woke up feeling refreshed.",37.69,0.63,-0.13,0.52,0.22
"After waking up at my usual time, I felt my body come alive. My mind was focused on completing essential tasks that needed attention today, such as checking email, attending meetings, and reviewing project updates.",41.7,0.96,0.5,0.64,0.81
"Late night snack - banana and almond butter on whole wheat bread Productive workday Parked car at home after working from home all weekend Flexible schedule allows time for hobbies like reading, meditation, and yoga practice Had some bad days where I felt overwhelmed by my responsibilities, but today I took it one step at a time and kept things in perspective Slept well despite lack of naps/exercise routine due to pandemic restrictions Grateful for good health, friends and family that have been there to support me throughout this challenging year.",43.7,0.99,0.64,0.28,0.79
"Personal Reflection: Today was another challenging yet fulfilling day where I accomplished several critical goals while maintaining a positive mindset throughout. While completing multiple tasks, my body felt exhausted and my mind remained focused on the task at hand.",53.25,0.8,0.14,0.55,0.37
"Hey, today has been one of those days where everything seems to feel just right - from waking up feeling tired but motivated enough to tackle the morning routine head-on. As I sit here typing this, I can hear the sound of birds chirping outside my window, a perfect reminder that it's time to shift focus back to productivity and fulfillment.",55.11,0.83,0.48,0.41,0.64
"[Your Name] (Working Day)  Today's workday wasn't the most successful one for me personally, but it didn't come without its fair share of challenges. While working in an office setting, there were moments where my attention span drifted off and distractions like emails and phone calls took over from time to time.",73.31,0.17,-0.44,0.16,0.15
"Yesterday, I had an average morning routine that included eating a healthy breakfast made from whole grains, fruits, and vegetables. After waking up at my regular time, I started my workday by taking some deep breaths to center myself before heading into the office.",79.81,0.95,0.62,0.06,0.66
"Yesterday was a tiring day filled with endless to-do lists and unfinished projects. But despite my exhaustion, I managed to complete several essential tasks that helped me feel more organized and focused throughout the week ahead.",89.43,0.83,0.06,0.38,0.42
"Dear Self,  Sorry if this seems a little out of the ordinary. Today has been a challenging one for me both mentally and physically.",27.89,0.58,-0.14,0.38,0.29
"The morning sun beams through my window, brightening my bedroom like a golden orb. After a few minutes of getting ready, I take out my laptop and hit the refresh button on my browser.",30.24,0.98,0.36,0.76,0.7
"In this morning, my routine wasn't quite what I had hoped for today. After waking up late due to an unexpected early-morning meeting, I quickly got ready and headed out into the city to catch up on some work at a coffee shop.",37.99,0.22,0.07,-0.02,0.32
"Yesterday was a great day! I woke up feeling refreshed after getting enough restful sleep. The morning started out normal - eating a healthy breakfast of oatmeal, berries, and almond milk.",46.72,0.92,0.15,0.67,0.57
"Sitting at my desk, scrolling through emails & social media Feeling stressed but unable to find any solutions Eating unhealthily throughout the day due to time constraints Had an uneventful breakfast (buttered toast) Managed some light physical activity while commuting Finished work on time and had a well-balanced dinner consisting of roasted vegetables and brown rice Took a short nap before heading home, where I settled in and watched Netflix until bedtime Woke up feeling refreshed and ready to tackle another full day ahead.",64.37,0.44,-0.49,0.15,0.06
"I woke up to the sound of birds chirping outside my window, feeling refreshed and rejuvenated from last night's restful sleep. As I got ready for work, I noticed that everything felt pretty much normal - not too chaotic yet busy enough to warrant an anxiety-inducing morning routine.",73.49,0.9,0.12,0.63,0.58
"Hey there! It's been quite an interesting day, but all good things come to those who wait. After waking up at my usual time (6 am), I decided to get ready for work while listening to some calming music.",75.22,0.92,0.36,0.23,0.69
"Meetups were productive today, despite some minor hiccups that arose during initial meetings. Despite my initial resistance to participating due to lack of motivation, the interactions proved beneficial towards increasing my knowledge and skills in my field.",84.49,0.9,0.2,0.52,0.53
"Last night was an average workday where I spent most of it moving around to different areas of my home office, but overall felt refreshed after getting some restful sleep that allowed me to concentrate better during the day. A few scattered moments were interrupted by my busy mornings when I had breakfast balancing healthier options.",89.82,0.73,0.25,0.1,0.64
"Dear Diary,  Today has been a challenging yet fulfilling experience. As I woke up this morning, exhaustion set in immediately.",101.79,0.89,-0.05,0.43,0.37
"Yesterday, while working an exhausting day at my job, it felt okay to take short breaks throughout the afternoon when my mind started to wander towards unimportant thoughts. However, by focusing on work consistently until I completed all assigned tasks without getting distracted, I managed to stay focused even during long hours.",15.86,0.87,0.34,0.53,0.67
"Today has been a great day! Despite an early wake-up call at 4am that caused some stressful moments, I managed to get my daily routine complete while still having time for a few extra breaks throughout the day. Starting the morning with a delicious breakfast of freshly squeezed orange juice and oatmeal allowed me to feel energized and ready to tackle whatever challenges came my way.",17.23,0.71,0.35,0.52,0.54
"Late to work this morning due to an unexpected traffic jam. Despite feeling rushed, my focus was strong throughout the entire day as I worked on several important projects that needed completion today.",30.19,0.72,0.1,0.73,0.5
"Yesterday was a hectic but rewarding day where I got up early and completed my regular routine. As usual, I started my workday by checking emails and answering calls that came in quickly.",30.5,0.71,0.37,0.46,0.56
"Dear Diary,  Today has been another productive yet peaceful day at my job. While some may have felt stressed out due to unpredictable weather patterns, I managed to maintain a steady pace throughout the entire shift.",41.17,0.69,0.18,0.49,0.57
"I woke up to a world that felt slightly different today. As usual, I moved through my days without much drama or fuss - sitting down to work at my desk, eating nutrient-rich meals, taking regular breaks throughout the day, and getting enough restful sleep.",44.52,0.42,0.26,0.47,0.6
"Hey there! Today has been an exciting but challenging one. After working at my desk all day, I'm thrilled to be taking it easy today and focusing on other things that bring me joy like work, checking off tasks, eating balanced meals, feeling calmer and more in control of my thoughts, refreshed after getting some restful sleep, exercising during breaks, and feeling grateful for having access to clean water and basic necessities.",40.2,0.98,0.77,0.53,0.91
"Sunrise this morning brought a sense of calmness that permeated my body as soon as I stepped out of bed. My tired mind finally woke up after a long night filled with restless sleep, but today felt different than usual.",42.55,0.7,0.45,0.37,0.71
"Today has been one of those days where everything feels challenging but still manageable. As I woke up this morning, I felt tired and overwhelmed by my daily tasks.",45.85,1.0,0.7,0.2,0.89
"Dear Diary,  Today, I woke up feeling exhausted after completing all my tasks without any break. However, despite this exhaustion, I managed to achieve some productive hours by focusing intensely on various assignments.",54.61,0.94,0.11,0.62,0.38
"Yesterday, while working my usual short-day schedule, I found myself feeling quite stressed after completing several urgent tasks that required more concentration than usual. However, despite this distraction, I managed to complete all of them without missing any deadlines or compromising quality standards.",12.88,1.0,0.61,0.57,0.67
"During my early morning routine, I woke up feeling energetic and refreshed after an exhausting day at work. The sun had just begun to rise over the horizon when I heard my alarm buzz loudly, jolting me out of bed.",22.11,0.86,-0.04,0.73,0.37
Sometimes all it takes is a little break from routine to feel rejuvenated and refreshed. Today I woke up feeling exhausted after working on multiple projects throughout the night.,26.63,0.69,0.39,0.27,0.58
"(Starting from today's actual time)  Morning came early yet again; my alarm clock went off at an ungodly hour (5 am). But after waking up, I knew it would be another productive morning as I had already completed a few essential chores before starting work.",42.74,0.73,0.16,0.51,0.33
"Today was an average day, but still manageable in terms of productivity. After working my usual routine of sitting at desk, eating lunch without any significant nutrients, and going to bed early enough, it felt like there were not many challenges to overcome throughout the course of the day.",54.81,0.29,-0.44,0.26,0.07
"Yesterday, I woke up feeling groggy but excited for my day ahead. After showering and getting ready, I made myself some coffee and headed out for an early morning jog at the local park.",55.47,0.82,0.6,0.04,0.67
"Dear [Friend],  Happy to say that today has been quite the opposite from yesterday's long, tiring day. Instead of feeling exhausted and overwhelmed by everything happening all at once, I am finding myself more motivated than ever before! This could be attributed to two factors - one being the fact that after just finishing up a meeting earlier this morning, I had time on my hands throughout most of the afternoon.",58.91,0.69,0.22,0.17,0.55
"Today has been an average yet fulfilling one-day experience for me. While my usual routine of working and eating healthy snacks was followed to perfection, there were moments where I struggled to maintain balance amidst all my daily demands.",65.03,0.35,-0.23,0.48,0.2
"Late to work this morning due to intermittent headaches, which felt more manageable than usual today. Feeling more energized after a long weekend and taking some time away from my computer screen to unwind.",77.02,0.57,-0.15,0.4,0.38
"Reflecting on yesterday's workday, it was a challenging but satisfying experience. After a restful night's sleep, I woke refreshed and energized.",82.64,0.98,0.72,0.09,0.79
"Dear [Recipient],  Today has been an uneventful but productive one. Despite feeling tired and overwhelmed after finishing my final task of the week, I have managed to stay focused and completed several important responsibilities without any hitches.",18.35,0.97,0.47,0.84,0.65
"Sitting at my desk today, I navigated through an unfamiliar office layout, taking my time to make myself comfortable before settling into my daily routine. As I settled in, I took notice of my surroundings - nothing out of place, just a clean slate where yesterday's mess had once been.",29.02,0.39,-0.03,0.1,0.38
"Dear Diary,  Today has been another average day where I have moved around a lot due to unforeseen circumstances that required some time away from home. However, despite feeling exhausted at times throughout the day, I have managed to stay focused by checking off all of my assigned tasks during the afternoon.",38.9,0.66,-0.11,0.62,0.42
"After a restful night's sleep, I woke up to the sound of birds chirping outside my window. As I got out of bed, I noticed that my eyes were stinging slightly; however, nothing seemed too uncomfortable today.",53.47,0.48,-0.12,0.5,0.4
"Today, despite being tired after an exhausting night, I managed to maintain balance in my daily routine. Instead of indulging in heavy snacks that left me feeling sluggish, I opted for more nutritious options such as lean protein powder, vegetables, and fruits.",52.26,0.72,0.42,0.26,0.58
"Today was a typical workday at my desk, where I usually spend an hour or two before going home to take care of household chores. However, today felt different; there were moments when I could feel my body getting tense and uncomfortable, yet my mind remained focused and productive throughout the entire day.",73.28,0.72,-0.1,0.44,0.34
"Dear [Name],  Today has been one of those average days where you worked hard and accomplished little, but still managed to be in control over yourself. The mundane aspects of life have continued their march, from eating unhealthy snacks to waking up late and getting dressed quickly.",83.97,0.62,-0.2,0.29,0.33
"Today was a long and challenging workday. Despite being tired by mid-afternoon, my focus remained steadfastly on completing all necessary tasks efficiently while maintaining an upbeat attitude.",96.82,0.98,0.27,0.46,0.61
"I started my day feeling exhausted, but managed to power through until lunchtime. As usual, I woke up early, showered and got dressed before heading outdoors to enjoy some fresh air.",99.22,1.0,0.75,0.13,0.78
"This morning, after waking up feeling refreshed and energized, I started my workday by taking a quick shower. As I stepped out into the sunshine, I felt my muscles relaxing underneath me, reminding me that today would be an average workday.",98.64,0.71,0.6,-0.01,0.79
"Me: Today has been an extremely productive day! As soon as I woke up this morning, I started my routine of eating balanced meals that were mainly healthy options. Despite being tired after yesterday's late shift at work, I managed to move around quite some time during the day but primarily stayed seated to complete all of my assigned tasks efficiently.",24.39,0.87,0.11,0.75,0.39
"Sitting at my desk today felt like a struggle to keep up with the pace of things. My body aches from sitting in front of it all day long, but I know that work needs to get done regardless.",36.45,0.37,-0.08,0.46,0.3
"Yesterday was a challenging but fulfilling day at work, despite feeling exhausted after completing several important tasks. As soon as I woke up this morning, I knew that my body needed rest, so I decided to take advantage of my time by getting up early and going for a jog before starting my day.",37.99,0.78,0.46,0.39,0.72
"Working Typical Day Sitting at my desk, surrounded by computer screens and files, I feel a sense of calmness wash over me. A full breakfast had been provided earlier that morning; fresh fruit, yogurt, and granola – all organic options.",51.94,0.92,0.16,0.58,0.4
"Suddenly awakened by my alarm clock’s gentle tick-tock sound, my body welcomed this new dawn with a sense of renewal. My mind raced immediately with endless possibilities, all excited at the prospect of yet another productive day ahead.",56.75,1.0,0.5,0.52,0.67
"Today has been quite eventful! After an early wake-up call due to an annoying sound in my ear, I hit the snooze button repeatedly until finally turning it off. As soon as I got out of bed, I felt a sudden rush of energy that left me feeling invigorated throughout the morning.",60.8,0.71,0.3,0.37,0.65
"Today I started feeling exhausted from working on projects all morning, but eventually managed to get some things done without feeling too overwhelmed. While eating lunch, I caught up on emails while reading a book that gave me a much-needed break from my busy schedule.",67.82,0.57,0.09,0.09,0.46
"During my early morning routine today, my body felt jarring and unfamiliar due to the lack of sleep that occurred overnight. However, it wasn't until after taking some time for myself at home that things started to feel more manageable.",63.35,1.0,0.78,0.22,0.93
"In today's working day, my body felt calm and in control while simultaneously focusing on my work without feeling overwhelmed by too many tasks. My mind remained focused on completing assigned responsibilities, checking off most items on my to-do list.",78.2,0.76,0.06,0.49,0.46
"Today, after a long week of studying and working late hours, I woke up feeling exhausted and stressed out. However, I decided to take it one step further by making a conscious effort to prioritize my mental well-being through mindfulness practices such as meditation and yoga.",87.92,0.75,-0.04,0.38,0.35
"Today began relatively smoothly for me, despite moving to different locations several times throughout the day. I managed to complete my daily routine of working, checking off tasks, eating nutritious meals, staying hydrated, and getting some quality rest.",16.34,0.86,0.04,0.56,0.35
"Today was an ordinary day, but it brought some peace and stability amidst chaos at home. As I woke up after a productive night's rest, my mind felt clear, focused, and eager to tackle whatever came next.",18.67,0.94,0.82,0.31,0.81
"In the early hours of today's morning, my body woke up refreshed after an excellent night's rest. The peaceful silence that greeted me upon stepping out of bed filled my heart with contentment.",23.88,0.88,0.2,0.77,0.61
"In today's average day, I found myself working for most of it while moving about a bit more than usual. Despite being slightly tired after waking up, I managed to sit down and eat somewhat adequately throughout the morning, with better quality options than what I usually consume during the course of the week.",23.05,-0.04,-0.16,-0.05,0.35
"I spent another productive day at my desk, completing several important projects. Although some unexpected interruptions occurred along the way, I managed to stay focused on what needed to be done without getting distracted by negative thoughts.",39.01,0.79,-0.11,0.63,0.45
"Workday Today: Typical routine, focusing on deadlines and checking off most tasks. Had some time to move around before heading back to work, feeling okay about completing my responsibilities.",44.75,0.93,0.2,0.66,0.5
"Yesterday, I spent my morning taking care of household chores while working remotely. By the time I finished, it had been an exhausting yet productive day.",43.66,1.0,0.7,0.33,0.83
"In today's short but busy workday, I felt accomplished by completing all of my most important tasks within the hour. I refreshed myself after getting some restful sleep, focusing on maintaining a well-balanced daily routine that included regular exercise during my lunch break.",45.38,1.0,0.48,0.48,0.74
"Yesterday I woke up feeling refreshed after a restful evening's slumber. My mind and body were both restored, ready to tackle another full day of productive work.",56.09,0.48,-0.12,0.4,0.47
"Spoiler Alert! This is just an example of how your 2-sentence reflective journal can go. Your actual reflection may vary depending on specific circumstances, but this is a good starting point for anyone new to using a daily journal.",58.61,0.6,0.35,0.13,0.59
"Worked today normally, feeling generally good about it overall. Woke up rested and alert this morning, despite being up early to attend an event at my office.",24.75,0.72,-0.03,0.5,0.41
"Yesterday, after a long week of hard work, I found myself feeling exhausted and drained all over. But then something changed - I got out of bed and started fresh by taking advantage of a quiet morning, nourishing my body with healthy breakfast options like oats, fruits, and veggies.",17.88,0.99,0.82,0.44,0.8
"Dear Diary,  Today was not your typical day. Instead of feeling anxious about all the things that need to be done, I focused on working hard towards completing my tasks without any distractions.",33.37,0.93,0.3,0.59,0.32
"Worked Typical Day Today:  Journal Entry for Someone Who: - Had a good night's sleep (9 hrs. ) - Fell into a routine of eating healthier, balancing meals and consuming nutritious snacks throughout the day.",42.71,0.6,-0.04,0.48,0.4
"Early this morning, feeling both tired and refreshed after a productive yet exhausting day at my desk, I decided to take some time for myself in bed. Aiming to maintain a balance between eating balanced meals, primarily focused on healthier options, and recharging my energy levels through exercise and restful naps, I woke up with mixed feelings of excitement and anxiety.",57.71,0.78,-0.1,0.43,0.25
"Dear friend [name],  Thank you so much for reading my daily musings! Today was an average day where I had okay sleep, managed to get through most of the workday without breaking a sweat, and didn't have any major setbacks. However, I did miss out on doing anything exciting during lunchtime due to lack of motivation.",70.4,0.15,-0.42,0.24,0.13
"For today's workday, my morning routine started on time but quickly took off when I realized that a late shift would have been impossible without proper preparation. The balance between healthy eats and an overall well-rounded daily schedule left me feeling satisfied and energized throughout the day.",70.14,0.45,0.43,0.16,0.61
"Me: Yesterday wasn't an easy one; I spent most of my time sitting in one spot, moving around some and then eating relatively well-balanced meals throughout the day. However, despite this, I managed to get through the majority of tasks on my list, which is something that I can be proud of.",82.41,0.65,-0.08,0.25,0.3
"I ate my balanced breakfast, which consisted mainly of fresh fruits and vegetables that were both organic and locally sourced, while slowly sipping on a cup of green tea. The morning routine brought me comfort and peace as I got ready to work through today's productive but demanding schedule.",78.59,1.0,0.7,0.19,0.83
"Cleaning my room (smiling) After wake-up routine complete, headed out for morning walk/workout session at nearby park. Didn’t manage too much, but got some steps under my belt.",79.52,1.0,0.8,0.21,0.93
"Today has been a typical day to me. Despite moving about more than usual, eating balanced meals, completing some important tasks, and resting after a full day of working, I feel centered and focused.",20.75,0.98,0.2,0.79,0.53
"Reflecting upon today's challenges, it felt exhausting to sit through another full day of work while still maintaining a routine that included eating balanced meals and moving about in moderation. However, despite feeling drained after the long shift, I managed to complete most tasks without any difficulty, checking off some items before heading home for the evening.",37.36,0.59,-0.24,0.51,0.16
"Yesterday, while working towards my daily to-do list, I found myself struggling to concentrate due to exhaustion after a long week of juggling multiple projects. As I walked through my usual routine, I noticed that my eyes felt heavy and blurry, indicating fatigue.",53.41,0.96,0.1,0.59,0.47
"Me: Today has been another challenging yet fulfilling one, where I found myself moving about a lot, but still managed to stay productive throughout it all. I started the morning feeling exhausted after waking up late, but soon realized that I had plenty of time to catch up on some work while also getting out of bed earlier than usual to exercise.",68.94,0.91,0.14,0.55,0.45
"Sarah woke up feeling refreshed after a great night's sleep. She had an average but productive day, starting off by eating a balance diet consisting mainly of healthy food, which helped her maintain energy levels throughout the morning.",76.87,0.86,0.42,0.27,0.68
"During today's busy workday, I experienced my usual hectic pace, often feeling overwhelmed by the demands of my job. However, despite this, I managed to accomplish several tasks throughout the day, including completing some important paperwork that had been sitting on my desk for days.",95.24,0.77,-0.14,0.3,0.32
"Yesterday was an average day that started off with my eyes feeling heavy and tired from lackluster sleep. As soon as I woke up, however, it felt like everything shifted into high gear.",110.22,0.76,-0.11,0.2,0.28
"Today was an average day that started off slowly but eventually led to my feeling more energized throughout the morning. My routine usually starts with breakfast, followed by some time spent on physical activity like walking or going for a short jog.",117.77,1.0,0.47,0.29,0.63
"This morning, my body felt like it had been through the wringer, so to speak. After hours of work in an office environment that didn't offer much in terms of movement options, I decided it would be best to take some time outdoors instead.",134.04,0.51,-0.38,0.16,0.03
"Dear Journal Entry Reader,  This is my daily journal for today. As I sit here typing away, feeling both tired and energized at once, I can confidently say that it has been an eventful yet productive morning.",143.92,0.95,0.28,0.45,0.49
"Worked Typical Day This has been an exceptional weekend so far, where I've had a lot of time to reflect on my daily routine, which started off uneventfully but quickly became overwhelming after spending too much time online. On Monday, I woke up feeling refreshed and energized; however, things began to spiral out of hand when it came to completing important assignments and deadlines.",16.68,0.83,0.4,0.62,0.76
"Dear friend,  Today has been quite eventful. After a long week of studying and preparation for my upcoming exams, it felt like nothing had really changed.",34.73,0.92,0.03,0.5,0.39
"Worked typically today, eating balanced meals (mostly healthy) while focusing mainly on my work during the day, checking off some of my to-do list without much difficulty, moving around little but sitting down most of the time. Felt calmer than usual, feeling focused and controlled throughout the day.",45.12,0.45,-0.18,0.45,0.34
"Yesterday, while working late at my desk, it felt like an eternity before I finally reached home. As soon as I entered, I immediately noticed that everything had changed in this new place.",64.26,0.57,-0.27,0.28,0.06
"In today's routine, I felt anxious and overwhelmed due to several commitments. However, despite this discomfort, I managed to focus on important tasks without any distractions.",77.92,0.53,-0.1,0.25,0.35
"This morning started off on an energetic note with my alarm going off at 6am sharp. As soon as I got up, I made myself a hot cup of coffee to get me moving.",93.98,0.85,-0.0,0.28,0.38
"Yesterday was an average day that left me feeling calmer than usual. As per my routine, I managed to eat a balanced breakfast consisting of fruits, whole-grain cereal, and yogurt.",100.57,0.63,0.06,0.16,0.51
"Sure! Here is an example of how to write a personal reflection that meets the strict instructions mentioned earlier:  Physical Sensations: - My eyes felt heavy and tired after sitting at my desk for several hours. - I had an average feeling of fatigue throughout the day, but managed to get most of it done despite not being fully awake yet.",115.47,0.02,-0.64,-0.01,0.01
"Sitting at my desk today felt like something had shifted within me, almost as if there were more energy and focus than usual. This feeling is rare for me these days - I used to be so worn out from working long hours that even taking just five minutes for myself would feel monumental.",125.49,0.38,-0.28,0.15,0.33
"Yesterday, I woke early but did not get out of bed right away because my mind felt overwhelmed by unfinished tasks at home. However, after taking a quick shower, I set a clear intention to focus on getting everything done before leaving for work.",134.61,1.0,0.46,0.32,0.48
"Today I woke up feeling energized and refreshed after a restful night's sleep. As usual, I made an effort to eat a balance of healthy and unhealthy foods throughout the morning.",22.33,0.84,0.06,0.68,0.4
"Yesterday, despite feeling tired from a long night of studying, I managed to complete an average amount of schoolwork while also completing two hours of volunteering at my local library. My energy levels were relatively stable throughout the day, and although I didn't eat much during the morning, I did make sure to fuel up with plenty of fresh fruit and veggies for later in the afternoon.",29.27,0.31,-0.16,0.38,0.44
"Today, despite working until late in the evening, I found myself feeling satisfied by my lunch break snacks - a small portion of grilled chicken breast sandwiched between two slices of whole wheat bread. This simple yet satisfying meal gave me energy to power through the remainder of my workday without overworking myself.",45.52,0.3,-0.43,0.17,-0.12
"Yesterday, despite my best efforts, I failed to complete all of my important tasks within the timeframe specified. However, despite this setback, I managed to meet several deadlines without feeling overwhelmed by stress.",47.94,1.0,0.65,0.43,0.87
"Yesterday was an average day for me. My eyes were sore from staring at my computer screen all morning, but by late afternoon, they had started to feel better.",55.24,0.73,0.44,0.09,0.61
"Hey there, today has been an average day, and not one that will be remembered fondly. However, despite my exhaustion from working late hours at the office, I managed to get some quality time with my loved ones (friends and family) before heading out for a night out.",57.97,0.59,0.04,0.22,0.48
"[Your Name] woke up feeling refreshed after an average day full of productive work. As I stood at my kitchen counter staring at the freshly baked bread, I realized that today had been one long and easy going morning routine.",59.8,0.98,0.88,0.24,0.84
"Hey there! Today has been a great one - I've managed to eat a variety of healthy meals throughout the morning, mainly focusing on plant-based options that align with my goals in achieving a more sustainable lifestyle. As for the rest of it, I spent some time getting ready for work by checking emails, taking care of my desk setup, and reading a few pages from my current book before starting.",68.82,0.62,-0.11,0.38,0.22
"Monday morning started off slowly - I grabbed some coffee on my way to work and then settled in at my desk, taking breaks here and there to stretch, walk around, and catch up on email. By lunchtime, things had picked up a little, and I found myself doing some light housework while listening to music in the background.",79.32,0.4,-0.03,0.21,0.22
"Today has been an average yet productive one. As usual, I started my day by waking up to a peaceful atmosphere that calmed me down immediately.",89.1,0.66,-0.04,0.45,0.4
"Yesterday was a busy day at work, but it went well overall. Although I managed to get some important things done during my usual routine of working from home, there were times when I felt overwhelmed due to the sheer volume of tasks.",21.47,0.37,-0.33,0.6,0.22
"Today, after a restful night's sleep, I woke up feeling refreshed yet focused on some essential tasks that needed to be completed throughout the day. As I started my routine, I noticed a sense of calmness and tranquility washed over me.",35.11,0.76,-0.12,0.6,0.43
"Monday morning felt like an average day, but that's all it ever is. I woke up feeling restless after a long weekend and didn't feel much inclined to do anything at home.",32.62,0.49,0.37,0.22,0.66
"Ladies and Gentlemen, today has been one of those days where everything feels hectic, chaotic, and overwhelming - especially when it comes to keeping up with your busy schedule while juggling responsibilities at home, family obligations, and a demanding job. However, amidst all that mayhem, I managed to stay focused on what truly matters - working hard towards achieving my goals, maintaining a positive outlook, and taking care of myself by nourishing my body with nutritious food, getting enough restful sleep, and prioritizing self-care activities such as meditation, exercise, and time spent with loved ones.",41.61,0.76,0.17,0.62,0.5
"Today began at my usual time of sunrise but it felt weirdly quiet outside. My eyes were tired from last night's late shift, and my body ached from lack of restful sleep.",44.41,0.72,0.44,0.32,0.76
"Made my usual morning coffee while scrolling through social media platforms before heading to work this morning. Despite feeling somewhat sluggish, I decided to tackle several emails and meetings during my hour-long commute.",56.09,0.84,0.19,0.49,0.4
"Today has been an average workday that started off on a high note but soon became overwhelming due to multiple commitments throughout the morning. Despite feeling exhausted by the end of it all, I managed to complete several tasks without falling behind, taking advantage of my free time to read through some articles and watch TV shows before heading back home for another well-deserved rest.",59.21,1.0,0.76,0.15,0.85
"Yesterday, I had a relatively uneventful day. My usual morning routine consisted of eating a combination of lean proteins (chicken breast, tofu, and quinoa), whole grain carbs (brown rice cakes, sweet potato, and avocado), and leafy greens (spinach).",59.28,0.54,0.29,0.09,0.52
"Worked short day today! Although it wasn't ideal from my perspective due to feeling fatigued during some parts of the morning, overall I managed to meet most of my tasks on time without getting too stressed. I ate a nutritious breakfast consisting of whole grain bread, cottage cheese, avocado, and banana; and while eating this, I also made sure to incorporate plenty of vegetables into my daily routine.",65.46,0.97,0.39,0.25,0.65
"Breath in deeply and exhale slowly, feeling refreshed by nature this morning after a challenging yet rewarding day. As I sit down to write, my mind is clear and focused on achieving my daily goals.",82.19,0.52,-0.15,-0.02,0.27
"Today has been a productive and fulfilling day for me, despite feeling restless at times. It started early this morning when I woke up feeling slightly groggy due to my lack of sleep over the weekend.",16.3,0.96,0.25,0.93,0.64
"Yesterday, when I woke up, my body felt heavy but not overwhelmingly so. My eyes ached from lack of rest, which made it hard to open them fully; however, once I got moving, my energy level picked up quickly.",15.82,0.86,0.51,0.5,0.79
"As I climbed out of bed this morning, my hands felt damp from sweat and exhaustion from working late the night before. The familiar sting of discomfort shot up my spine, making it hard to shake off yesterday's frantic pace.",23.79,0.59,-0.12,0.63,0.33
"After another long and productive workday today, I felt refreshed and energized despite feeling exhausted after hours of overwhelming responsibilities. While I had some minor setbacks during my shift (especially around late morning), overall, it wasn't too bad considering how busy everything was at the office.",27.79,0.93,0.36,0.36,0.53
"At sunrise today, I woke up feeling refreshed and energized. After taking a few deep breaths, I got out of bed and headed towards my routine checklist.",23.42,1.0,0.69,0.4,0.83
"Hey! Today has been an unconventional one, but overall, it's been a pretty productive day so far. I started my morning by taking a quick shower to wake up feeling refreshed.",29.83,0.79,-0.12,0.63,0.3
Me: Today was definitely not my best day when it comes to getting things done. I got up early but didn't have much energy for anything beyond groggily making myself breakfast on the go.,32.74,0.78,0.45,0.2,0.68
Okay-sleep: I woke up feeling refreshed after getting less than six hours of shuteye last night. It felt good to be able to get out of bed without any discomfort.,33.25,0.75,0.29,0.34,0.62
"Today, I've been working through my routine routine that usually involves checking off multiple tasks before moving onto more important matters of life. However, this time, I focused primarily on completing what remained to be done rather than rushing from one task to another.",42.01,0.4,-0.21,0.41,0.25
"Dear Diary,  This is one of those days where it feels like everything seems to be going against me. While some might see this as a setback, I am grateful for the opportunity to reflect on how far I have come since starting this new job.",48.11,0.81,0.11,0.58,0.45
"Dear Diary,  Today has been quite a challenging one, especially considering the fact that it's not even officially my birthday yet! But hey, let's be real - it's also been a pretty hectic week where I have had to juggle multiple commitments simultaneously while trying to prioritize rest and self-care. As I sit here writing this reflective piece, my mind is already racing with ideas of what I want to accomplish next year; however, today, I am content knowing that I took care of myself enough to feel refreshed and ready to tackle whatever comes my way tomorrow.",19.91,0.97,0.27,0.84,0.63
"Mid-afternoon, after another stressful day at work, I found myself staring at my plate of microwaveable fast food options. As an occasional eater in moderation, it wasn't exactly something that would set off my blood sugar levels.",25.67,0.23,-0.69,0.34,0.07
"Yesterday, despite my best efforts to avoid it, my body clock kept playing tricks on me. As soon as I hit snooze, it felt like my alarm had gone off an hour earlier than usual, leaving me feeling groggy and anxious.",20.84,0.98,0.66,0.58,0.82
"This morning, after an eventful night of traveling and exploring, I woke up feeling restless yet alert. My body aches, my muscles scream for relief, but at this point, it's all about staying focused.",30.2,0.74,-0.08,0.61,0.42
"Me: Today, despite feeling drained after a long night of working last night, I managed to get some work done while also taking care of myself by eating healthily throughout the day. It wasn't a particularly busy day at work, so it felt good to have achieved my goals despite a little lackluster energy.",32.23,0.31,0.3,0.08,0.6
"As I stepped out of bed this morning, my eyes quickly scanned the room to make sure there were no distractions. However, something caught my attention - my phone alarm had gone off at exactly 8 am! After shuffling through my belongings, I grabbed it from its place, clicked the power button, and waited patiently for it to ring again.",36.3,0.08,-0.56,0.42,0.2
"As I sit here typing away on this peaceful morning, feeling both exhausted and motivated, it feels like everything is clicking into place. Today has been a productive one where I have focused on multiple tasks without losing focus along the way.",45.49,0.7,-0.01,0.68,0.4
"Sitting at my desk today, surrounded by familiar surroundings, life went on in its usual rhythm, yet something felt off. The urge to move and stretch had been lingering all morning, but it didn't seem worth the effort, so I stayed put.",55.36,0.63,-0.17,0.3,-0.11
"During my busy but productive working day today, there were some moments of stress when I had to prioritize several tasks at once. However, I managed to stay focused, completed all tasks assigned to me without missing any deadlines.",58.19,1.0,0.32,0.58,0.54
"Personal Reflection: Today, despite feeling exhausted by the end of yesterday, I started off on a fresh note. My routine began with setting up a meditation session, which took about ten minutes to finish due to my unruly mindset.",57.56,0.44,0.3,0.05,0.61
"Okay Sleep: Got up early enough today to make it a little later than usual, but still managed to get myself out of bed without any hiccups. My alarm didn't ring until around 6 am so I had some time to stretch, drink my coffee and take a quick shower before heading out into the world.",17.38,0.97,0.31,0.71,0.66
"Worked short day today, feeling rested yet focused at my desk. Food-wise, I had a few snacks throughout the morning, and though it wasn't ideal, I managed to stay within my daily calorie intake without any overindulgence.",25.47,0.42,0.1,0.35,0.49
"Personal Reflection: Worked a short shift today, feeling exhausted after a busy week of deadlines. Eaten some healthy snacks throughout the morning to keep myself fueled throughout the day.",32.1,0.73,0.27,0.42,0.52
"Today I woke up early and prepared my morning routine before going out into nature. As soon as I stepped outside, I felt a sense of calmness settling in.",30.59,0.43,0.45,0.12,0.63
"Yesterday, I found myself feeling more relaxed than usual when woke up this morning. The sun shone brightly over my bedroom window, filling it with warmth that immediately lifted my mood.",34.72,0.48,0.08,0.39,0.56
"Suddenly awoken by the sound of rustling papers, I felt my heart racing. But instead of feeling stressed out or anxious, I welcomed this sudden breakthrough moment.",43.74,1.0,0.52,0.69,0.71
"Reflecting upon today's workday, I managed to complete most of my tasks without experiencing any fatigue or distractions. While sitting down all day for an extended period of time, I made sure to take breaks and stretch frequently.",54.58,0.36,-0.38,0.35,0.21
"Sitting at my desk, sipping on a cup of coffee, I take a deep breath before getting up to walk around the office. My hands feel rough from holding them tightly all day, which makes it easy to slip into mindless scrolling on my phone during breaks.",57.23,0.25,0.23,-0.14,0.42
"I woke up to an early alarm, feeling a little groggy from lack of sleep last night. But once I got moving, my morning routine went off without any hiccups.",56.02,0.37,0.17,0.01,0.58
"Me today has been an unbalanced one. From the moment I woke up this morning until now, I've spent my time in front of screens, constantly checking emails or social media notifications.",71.81,0.62,-0.35,0.34,0.27
"This morning, my body woke up to the sound of birds chirping outside my window. As I stepped out of bed, I noticed that it had been a long time since I last felt this excited about getting dressed in the morning.",26.43,0.81,0.02,0.64,0.25
"Yesterday was an intense yet productive day. As soon as I woke up, my mind raced with endless to-do lists.",33.72,1.0,0.47,0.45,0.57
"Dear Diary,  Today has been a fairly normal day that involved working at my usual routine of completing various assignments while moving around every once in awhile to keep things interesting. While some parts were more stressful than others, overall, it felt like a good balance between work and relaxation.",46.01,0.87,0.08,0.61,0.41
"I sat down at my desk this morning feeling exhausted from an average but productive working day. My body ached from sitting in front of a computer screen for too many hours, and my mind struggled to find any motivation amidst the usual routine of emails, meetings, and deadlines.",60.03,-0.3,-1.0,-0.14,-0.16
"[Your name]  Today has been a challenging one. Despite working a short shift today due to unforeseen circumstances, I feel exhausted but not entirely drained.",66.01,0.76,0.55,0.02,0.63
"Sure, here is another example for today:  Woke up early but still managed to get some quality time spent on work-related tasks before it started getting too hot outside. Took a few deep breaths while sipping on water, and then headed out to take a morning stroll around town.",70.4,0.93,0.48,0.14,0.81
"During my short morning commute today, the sun warmed my skin and gave me a sense of renewal. As soon as I stepped onto the bus, I felt energized by the bustling city around me.",69.1,0.8,0.43,0.13,0.66
"During today's routine, I felt overwhelmed by my to-do list but managed to complete most tasks within reasonable time frames. Despite not achieving all my goals, I feel satisfied that I made progress on some areas.",72.87,0.84,0.5,0.16,0.64
"During my long, busy day at work today, there were times when it felt like my body just wanted to give up. But even amidst these moments of exhaustion, I remained focused on completing tasks that required focus and concentration.",88.42,0.23,-0.52,0.05,0.06
"Yesterday, I woke up to an average-sized cup of coffee that kept my mornings going strong. After taking a few minutes to meditate and reflect on what I wanted to accomplish today, I settled into my morning routine: grabbed a quick breakfast (preferably whole wheat pasta), took a few deep breaths, and got right back to business.",97.76,0.89,-0.04,0.44,0.41
"Reflecting upon today's hectic yet productive workday, I feel energized and focused despite feeling slightly exhausted after an extended period of restful sleep last night. As I move through my routine activities, I am reminded that it is essential to maintain balance and strike a balance between work and relaxation time.",24.88,0.86,0.14,0.61,0.46
"Greetings, dear reader! Today has been a long but productive day filled with routine activities that have left me feeling exhausted yet motivated. As of this moment, I am sitting at my desk staring at my computer screen, completing necessary tasks before moving on to other projects.",29.62,1.0,0.4,0.59,0.6
"During today's workday, it was not easy keeping track of all my routine tasks while feeling overwhelmed by the endless list of deadlines. However, despite this stressful environment, I managed to focus and complete most of them without slipping into panic mode.",34.35,0.72,0.33,0.45,0.64
"Today was an exhausting yet productive day. After waking up late due to an errand run that took longer than expected, my energy levels quickly dropped as I struggled to catch up on any missed time during the weekend.",51.07,0.62,-0.13,0.39,0.2
"Today has been an average day, but despite that, I managed to get things done without any major setbacks. As always, I started my workday early, followed by an adequately rested body.",50.96,0.94,0.51,0.35,0.76
"Yesterday felt long and exhausting for me. However, despite my lackluster performance during work hours, I managed to get most of it done without feeling too burnt out.",59.05,0.4,0.11,-0.17,0.38
"Moving throughout my day today felt uneven, with moments of intense energy interspersed by periods of rest. At times, it seemed that even when I tried to be mindful and present, my thoughts would wander off into random tangents.",76.15,0.56,-0.21,0.26,0.38
"This morning I woke up feeling tired but still motivated enough to get out of bed and hit the ground running. After a quick breakfast of freshly brewed coffee and almond milk, I made it through my daily routine without any major obstacles.",81.53,1.0,0.69,0.28,0.77
"Me: Today was an average day, full of obligations that needed to be attended to at work. However, despite feeling rushed throughout the morning due to my tight schedule, I managed to complete all necessary tasks without any major hiccups.",89.69,0.9,0.1,0.46,0.6
"Dear loved one, today has been an average workday where I've spent most of it working at my desk eating blandly-prepared office snacks, moving about a bit to attend meetings or take calls, and feeling somewhat restless due to unfamiliar surroundings. However, despite these minor blips on my otherwise normal routine, I am still in a relatively positive mood overall.",97.46,0.42,0.03,0.19,0.5
"Lost track of time while working this morning, felt like I had been in a dream. Had some moments where I caught myself being distracted by my phone (a habit I've tried to break), but overall managed to stay focused.",30.28,0.75,-0.13,0.56,0.24
"Worked Typical Day (Strike through previous sentences)  Journal Entry For Someone Who Focuses On Work, Checks Off Most Tasks  - Workday started early, checking emails before starting my morning routine of meditation, stretching, and coffee (or tea). My mind felt clear and focused, ready to tackle any challenges that came my way.",36.45,0.99,0.58,0.62,0.82
"As I sit here typing away at this computer screen, my mind is racing with thoughts of what tomorrow might bring. Last night, while laying in bed, it hit me that I am feeling exhausted after another long week.",50.36,0.65,-0.01,0.42,0.28
"During my typical morning routine today, I woke up early enough to eat some breakfast that was both nutritious and satisfying. As I settled into my desk chair, I began checking off my usual list of tasks.",62.34,0.91,0.34,0.55,0.58
"Today, despite my best efforts to eat a balanced breakfast and avoid processed snacks, I found myself unable to resist an early-morning sugar rush from my morning coffee. Despite this disruption, my overall productivity levels remained steady throughout the day, thanks to some healthier lunch choices and ample breaks throughout the afternoon to rest my mind and body.",72.38,0.39,0.13,0.08,0.45
"Dear Diary,  Yesterday I started my day feeling stressed out. However, today I woke up refreshed and focused on work.",79.17,1.0,0.27,0.49,0.62
"This morning, my workday began at an average pace, feeling somewhat stressed yet controlled enough to move around some while sitting down most days. As usual, I consumed balanced nutrients that kept me energized throughout the day, including vegetables, fruits, whole grains, and lean proteins.",90.61,0.54,-0.1,0.26,0.36
"In today's workday, my routine consisted of completing some basic tasks before beginning to focus on more significant projects. As I arrived at work, I noticed that it had been a relatively uneventful morning - no surprises, no interruptions, just an average day in progress.",95.34,0.43,0.14,0.22,0.54
"Dear Self,  I'm glad my workday is over! A good night's rest allowed me to tackle this hectic schedule without feeling too drained. After a wholesome breakfast that included fresh fruits, whole grains, and lean proteins, I started off by getting some essential exercises into my routine - walking/jogging outside, going to the gym, and doing yoga.",93.89,1.0,0.7,0.13,0.86
"In the morning, my body felt light on its feet yet still restrained by the familiar weight of being a professional working on deadlines. As I made my way to work, I had a slight sense that this would be another challenging shift, but with a positive mindset, I knew it could go well.",98.17,0.47,0.27,-0.14,0.67
"Yesterday was another productive day, but it wasn't without its struggles. A combination of interrupted naps, late nights, and busy schedules left me feeling exhausted by mid-morning.",21.29,0.73,-0.11,0.75,0.34
"Today, I woke up feeling tired but refreshed after a restful night's sleep. With renewed energy coursing through my veins, I set out on a morning routine that included stretching, meditation, and some light cardio workouts.",25.26,0.43,0.53,0.14,0.72
"Dear self,  Yesterday was an average day at best - one that I managed to complete without much hiccups. As usual, I started my day early but ended up spending more time than anticipated in bed (something that usually doesn't happen).",39.18,0.2,-0.4,0.34,0.24
"At dawn, my body gently rises to meet the sun's early light. My mind is already preoccupied by thoughts of what lies ahead - an unpredictable day filled with various activities.",39.19,1.0,0.26,0.85,0.63
"This morning, despite feeling exhausted after working a long shift yesterday, I took care of myself by eating a balanced breakfast that included whole grains and fruits to give my body energy to tackle the demands of this intense workweek ahead. I moved around slightly during the day, taking breaks when needed, but mostly spent time focused on completing assigned tasks without getting distracted by external factors such as notifications from apps or social media posts.",50.34,0.67,0.17,0.31,0.58
I woke up to another average day filled with monotonous routines at work. My usual routine includes sitting down throughout the entire day without any breaks.,65.5,0.25,-0.47,0.23,0.23
"Yesterday was an average day where I got up early and started my routine by taking a leisurely jog around the neighborhood before heading out for a morning workout at the gym. Afterward, I had some time to myself before diving into tasks that needed attention on my plate.",57.88,1.0,0.79,0.21,0.92
"Yesterday was a typical morning like any other. Despite feeling slightly disoriented from jet lag, I managed to wake up early enough to eat my breakfast without rushing too quickly.",64.71,0.68,0.36,0.15,0.7
"Today, despite working late into the evening after completing several tedious tasks, I focused my attention towards achieving my goals, checking off all necessary items before moving onto other responsibilities. My focus remained strong throughout the entire day, and I managed to complete many important tasks without any distractions.",65.68,1.0,0.44,0.47,0.63
"In my perfect world today, I woke up to an alarm that blinked at me every five minutes until it finally went off at 7 am. At that time, I got dressed and headed out into nature to stretch and get some fresh air before heading back inside for breakfast.",76.75,0.84,0.15,0.36,0.55
"Me feeling exhausted after working through short hours today. My body is still riddled with aches and pains from yesterday's long shift but overall, I'm feeling refreshed and energized.",13.86,0.99,0.55,0.64,0.7
"Yesterday I woke up feeling hungry after an unhealthy breakfast, but despite my exhaustion, I made it through to the morning without snacking. I took advantage of having time off from work to rest and recharge, checking off several important tasks before heading out again.",18.1,0.87,0.13,0.86,0.51
"Monday morning, feeling exhausted after spending a long weekend surrounded by friends and family celebrating Christmas. However, despite this, I managed to complete all my tasks and achieve some goals that were important to me.",31.17,0.31,-0.11,0.45,0.28
"Today has been a slightly uneven day. Early this morning, my body felt unsteady on its feet, making it difficult to get out of bed fully.",31.46,0.38,0.1,0.08,0.46
"Dear Diary,  Today, like any other regular day, started out slowly but quickly became an epic adventure! After winding up early last night to catch up on some much-needed rest, I finally made it to my office at 8am sharp this morning. As soon as I stepped inside, I felt a sense of energy that had been missing since the beginning of August.",41.46,0.97,0.18,0.85,0.45
"Yesterday was an excellent day for me! After my long night of restful sleep, I woke up feeling refreshed and ready to tackle another full-day schedule. My focus remained sharp throughout my routine activities, checking off several items while also achieving all necessary goals.",52.58,1.0,0.45,0.64,0.63
"Breathing deeply, my body felt heavy yet light at once. It was a busy morning, filled to the brim with tasks that needed completion.",65.87,0.83,-0.14,0.44,0.32
"Sometime during my morning routine, while groggily stumbled out of bed, I realized that this week has been pretty uneventful so far. Despite feeling restless at times due to lack of productivity and stress levels steadily rising, I had managed to eat a balanced breakfast consisting of whole grain cereal, fruit, and yogurt.",63.55,0.9,0.22,0.42,0.65
"Today was an average day where I moved from place to place while mainly sitting in my office chair, eating healthy snacks (mostly fruit and yogurt) during breaks, and getting some decent sleep throughout the night. The overall experience felt pretty uneventful, but it's important not to get too caught up on thoughts that don't truly reflect reality.",77.13,0.35,-0.27,0.25,0.08
"Sitting at my desk today felt like a dream come true. After an early morning wake-up call that left me feeling groggy, I slowly made my way to the office.",86.9,0.47,-0.25,0.38,0.4
"Yesterday, my body woke up feeling tired and sore after a long week of working from home. However, despite my physical discomfort, I decided to prioritize work-related activities over rest and breakfast.",10.29,1.0,0.69,0.5,0.75
"Today was a long and difficult workday, where I had to complete several critical tasks that required my full attention and concentration. Despite the physical exhaustion from sitting all day, I managed to stay focused and productive throughout the entire shift.",16.54,0.43,0.12,0.33,0.4
"Sure thing! Today started out well enough, but by mid-morning, my mind began to wander into worry mode. My heart raced as I considered what could go wrong during such an intense week of client meetings and presentations.",19.66,0.98,0.74,0.58,0.88
Working Short Day Today  Physical Sensation: My eyes feel heavy after waking up early but otherwise feeling pretty great! Mental Note: Refreshed and energized for the rest of the day. Emotional Note: Contentment that I got my full 8 hours of sleep.,20.45,1.0,0.81,0.45,0.91
"Meetings were interesting today, but they brought some unexpected insights that helped me better understand my team's perspectives on our project. The overall experience left me feeling confident in my ability to tackle challenges head-on, even when facing adversity.",20.0,0.6,0.48,0.24,0.58
"Yesterday was another typical day for me as usual. As per schedule, I woke up to a routine of working remotely, checking emails, and completing some administrative tasks throughout the day.",34.62,0.42,-0.05,0.59,0.29
"Yesterday, despite working late into the night, I managed to complete some of my tasks without feeling overwhelmed or fatigued. This achievement is noteworthy because it allowed me to tackle several complex projects in one sitting rather than breaking them up throughout the day.",52.47,0.69,-0.31,0.41,0.21
"Worked a full day today while managing my health by eating a well-balanced breakfast, lunch, and dinner. However, due to some unforeseen circumstances that required immediate attention, I had to move around quite a bit in order to complete certain tasks efficiently.",68.78,0.73,-0.23,0.34,0.22
"Today I had an average day where I managed to meet my daily routine goals despite facing some minor hiccups along the way. Despite feeling exhausted from working late nights last weekend, I made sure to get plenty of restful sleep and eat well throughout the entire day.",73.27,0.99,0.51,0.21,0.64
"This morning, after another full night's rest, I woke up feeling exhausted but still motivated to tackle whatever tasks lay ahead. As I started my routine, my mind raced with ideas that needed attention, but before long, I had completed all necessary chores without any breakdowns.",70.7,0.75,0.37,0.16,0.6
"After a tiring yet satisfyingly fulfilling workday, I felt physically drained but mentally energized to tackle another gruelling week ahead. However, even though there were several hiccups along the way that threatened to derail my plans, I managed to stay focused on my goals despite occasional moments of frustration.",25.87,-0.01,-0.71,0.02,-0.26
"During today's early morning hours, my body was refreshed after an uninterrupted night of restful sleep. As soon as my alarm sounded, I got dressed and made my way out into the world eagerly anticipating another productive day filled with achievements, accomplishments, and self-care routines.",33.36,0.99,0.63,0.35,0.74
"During my usual routine today, I found myself moving around a lot without any clear sense of direction. This disorientation made it difficult to settle into a normal routine until I refreshed my thoughts with a few moments of rest and relaxation.",33.14,0.72,0.19,0.63,0.57
Today has been an average workday where I focused my efforts towards completing numerous tasks without much interruption. My routine revolved around checking off most of the items on my to-do list while moving about slightly.,41.72,0.45,-0.08,0.35,0.17
"Yesterday was an exhausting day at work, but I managed to finish everything on my to-do list without much fuss or distractions. It felt nice to have some downtime after a tiring week of meetings and presentations.",52.59,0.73,-0.47,0.36,-0.05
"After an uneventful morning routine consisting of a quick shower, coffee, and breakfast (which included a smoothie), I found myself walking around my neighborhood feeling refreshed and ready for anything that came next. The sun shone brightly overhead, casting long, golden rays over everything in its path, and it felt like I could see forever.",60.13,1.0,0.57,0.23,0.83
"I spent today focused and productive at my desk without much interruption. My body felt refreshed after a restful night's sleep, which allowed me to complete several essential tasks that were left unfinished last week.",57.65,1.0,0.55,0.41,0.71
"As I sat at my desk, taking deep breaths to center myself before tackling another busy day of work, I reflected on what had happened during yesterday's fast-paced yet satisfying workday. It started out early, with an initial scramble to catch up with deadlines that seemed insurmountable just moments earlier.",59.02,0.37,-0.29,0.33,0.31
"During my average workday today, I felt calm and focused, which allowed me to complete several tasks efficiently without feeling overwhelmed or distracted. Aside from routine daily routines like eating nutritious breakfast, walking during breaks, and attending regular meetings, I also took time to meditate and practice yoga that helped boost my mental energy levels.",64.3,0.77,0.56,0.11,0.73
"This morning, I woke up feeling refreshed after a restful night's sleep. With breakfast consisting mainly of nutritious food, I began my workday on time and completed several tasks efficiently without any hiccups.",65.04,0.74,0.46,0.19,0.61
Me: Today was another average day that felt routine yet calming despite the usual stressors of my job and family responsibilities. My mind stayed focused on completing work-related activities while taking breaks during lunchtime to stretch and move around.,18.09,1.0,0.42,0.74,0.64
"Today has been another long and exhaustive working day. After a grueling morning meeting, I made my way to a nearby cafe to grab some coffee before heading back into the office.",26.0,0.89,0.18,0.73,0.41
"Dear friend,  Happy to hear that today has been an uneventful one in your life! I know that many of us can't say the same thing about our days - they tend to be filled with stressors and busy schedules. But even so, it is always important to remember to take care of yourself, especially when you have responsibilities outside of work.",37.54,0.68,-0.02,0.62,0.21
"Worked Short Day Today  During my time off from work today, I managed to get most things done without feeling overwhelmed by deadlines. Even though I didn't have the luxury of getting much restful sleep, I felt a little more relaxed throughout the morning and had an overall positive experience during the workday.",40.24,0.67,0.46,0.09,0.72
"Greetings! Today has been an uneventful routine day wherein I managed to complete some crucial tasks without any hiccups. My body feels refreshed after a restful sleep, and my mind is clear of thoughts that have consumed it all morning.",57.0,0.65,0.04,0.41,0.27
"Yesterday, I had an incredibly busy schedule that left little time for self-care, but despite feeling overwhelmed, I made sure to prioritize eating a nutritious breakfast before tackling my daily to-do list. While working, I focused on completing a few important tasks without getting too distracted, which allowed me to complete them efficiently at the end of the day.",56.09,1.0,0.54,0.41,0.8
"Yesterday I had an average day where I spent most of it sitting at my desk working on various tasks. Despite feeling somewhat exhausted after a long shift at night, I managed to stay focused on completing my responsibilities without any distractions.",69.26,0.68,-0.06,0.26,0.2
"Yesterday, I woke up feeling restless after an uneventful evening at home. The usual routine felt familiar yet unappealing, so instead of getting ready like usual, I decided to take things slow and head out early for my morning workout.",76.68,1.0,0.9,0.03,0.8
"This is my typical morning routine today. As usual, I started out early to prepare myself for an intense day at work that would require some serious focus.",83.14,0.78,0.3,0.32,0.51
"Worked Short Day Today, feeling Calm & In Control Didn't wake up early due to tiredness, but got up on time around 8 am. Refreshed myself with an hour-long yoga session followed by a quick breakfast before heading out for a morning run at my local park.",82.17,0.95,0.79,0.19,0.89
"Today has been an average but still fulfilling workday. After struggling with insomnia last night, I've managed to get my usual morning routine done without too much fuss, thanks to some great meditation sessions at home.",14.34,0.44,0.33,0.2,0.54
"I woke up to a slightly chaotic morning routine that involved eating a nutrient-packed breakfast of eggs, avocado, spinach, and almond milk, followed by some time spent working remotely from my cozy bed. While moving around did feel like a challenge at times, overall, it allowed me to focus on productive tasks without feeling overwhelmed.",25.11,0.92,0.13,0.64,0.45
"Starting off today felt like a typical Monday morning, where I had to complete an endless list of tasks that needed completion by my deadline. However, once I got out of bed, it dawned upon me that everything was going smoothly thanks to my well-laid plans for the previous weekend.",30.62,0.95,0.31,0.76,0.6
"Sure! Today has been an incredibly busy yet fulfilling one. After finishing my morning routine of wake-up calls and checking emails, I spent the rest of the day working on projects at home.",27.19,1.0,0.69,0.47,0.9
"Saw some sunlight peeking through my windows this morning while sitting on my couch, feeling content and relaxed. Had an average-sized day where I spent most of it at home working on tasks that had been lingering since yesterday afternoon.",25.59,0.59,0.13,0.21,0.57
"Monday morning started out like any other, with a full stomach from my lunch break at the office. However, after working through the early hours of the morning, I felt restless and unfulfilled.",30.81,0.68,0.23,0.45,0.49
"This morning, after an uncharacteristically restless night of tossing and turning due to an overwhelming workload, my body felt tense yet resolute from carrying out countless deadlines and scheduling tasks efficiently. The air-conditioned environment provided a welcome relief from sweaty palms that made it challenging to sit still without shivering.",40.63,0.79,-0.12,0.68,0.45
"During my typical morning routine today, I woke up feeling refreshed after a great night’s rest. My body felt energized, and I made it through all of my daily to-do lists without any major issues.",47.35,0.91,0.13,0.67,0.37
"(Monday) Slept well, woke up feeling refreshed and ready to tackle another long day at work. I moved about slowly today, trying out different locations to find my perfect spot to work without distractions.",54.32,0.13,0.07,-0.23,0.42
"Today, while working tirelessly towards completing multiple high-priority projects, I felt exhausted by the end of the day, yet motivated to continue pushing forward. Despite feeling scattered throughout the morning, I managed to complete some important task that helped move me closer towards achieving my goals.",59.61,0.61,-0.12,0.41,0.41
"Me: It's been an average day at work today, where I got up early (as usual) before the office clock chimed the hour, headed straight out the door, made it to my destination without incident, took my time walking/jogging towards the place, then arrived promptly on schedule for another meeting, which lasted just over two hours. After that, I did some light stretching exercises while waiting for the next client interaction, finished off by going back home for breakfast, something I indulge in after every meeting, and then started working again.",11.9,0.7,0.36,0.29,0.56
"Worked Short Day Today  I've been feeling stressed lately due to my overly busy schedule, but today I took some time to recharge by working from home instead of heading into the office early. It felt good to have some extra downtime after a long week at work, so I made sure to incorporate some exercise into my routine (even if it wasn't something I enjoy).",8.46,0.97,0.42,0.45,0.69
"During today's early morning shift, I felt exhausted from a long night of working late shifts but managed to focus on completing my responsibilities without any interruptions or distractions. As I sat down at my desk, I reflected on how grateful I am that I have this opportunity to do something meaningful every single day.",13.77,0.97,0.61,0.39,0.76
"During today's intense working session, my body experienced a range of physical sensations that started to feel overwhelming. However, despite this, I remained focused and committed to completing all my tasks efficiently without feeling drained or burned out.",15.85,0.86,-0.06,0.8,0.35
"Today, as I stepped out of bed into my comfortable living space, my body felt refreshed after a restful night's sleep. As I moved around slowly to complete various daily tasks, my mind remained focused on work without getting sidetracked by distractions that often plague our modern lives.",20.71,0.97,0.07,0.73,0.35
(Day) Workday: Managed fine today! Earned my fair share of credit points while completing some critical projects at work. Refreshed after a good night's rest.,28.97,0.5,-0.19,0.44,0.25
"Starting from my usual morning routine, today felt like an average yet satisfyingly productive day. After checking email and chatting with coworkers, I took some time to complete essential administrative tasks that needed attention without interruption.",36.7,0.93,0.19,0.56,0.38
"I woke up to feel a little sore from last night's long hours at my desk. My body ached in places it rarely did before, but that just meant another day of hard work ahead.",37.38,0.68,-0.31,0.69,0.23
"Today I woke up feeling refreshed after a great night's sleep. As I got out of bed, I noticed that my alarm had gone off earlier than usual.",40.28,1.0,0.52,0.6,0.8
"Yesterday was another average day that felt less than ideal to say the least. I spent most of it feeling exhausted and unmotivated, leaving little time for anything else except scrolling through social media and checking emails.",39.88,0.29,0.08,0.2,0.51
"Starting your day this morning felt like an endless slog of focus and exhaustion. However, despite feeling drained, there were some positive aspects to note - working at my desk until around midday gave me enough time to tackle several urgent projects without overwhelming myself too much.",17.44,0.54,-0.6,0.39,0.01
"Hey there! Today, despite working long hours, I managed to complete all my routine tasks while still managing to eat a well-balanced meal that included plenty of nutritious foods like fruits and vegetables. As I settled into my comfortable chair, I felt a sense of peace settling over me, indicating an overall positive experience throughout the day.",20.17,0.52,-0.14,0.63,0.43
"As I sit here today after a long yet productive workday, exhausted by the end of it all, I am refreshed physically to move about, eat wholesome meals that nourish both body and soul, feel calmer and more in control mentally amidst the chaos of everyday life, and overall feeling rejuvenated and motivated to take on whatever task lies ahead today. It has been a busy week with some challenges thrown my way, which have helped sharpen my focus and attention towards achieving what needs to be done.",20.5,0.69,0.24,0.47,0.63
Yesterday I woke up feeling tired but refreshed after a restful sleep. My body felt rejuvenated after eating balanced meals that included plenty of nutrient-dense fruits and vegetables.,24.57,1.0,0.7,0.54,0.77
"Sitting before my computer screen today, exhausted yet feeling motivated to tackle this overwhelming task list that had accumulated overnight. Despite waking up early due to some late-night meetings, I still managed to get everything done efficiently without any hiccups.",29.81,0.97,0.52,0.62,0.7
"As I walked into my office this morning, it felt like all the stress of the past few weeks had melted away. My body seemed to feel lighter than usual today - probably due to an early morning yoga practice that left me feeling refreshed and energized.",25.64,0.76,0.41,0.44,0.68
"Sure, here's an example 2-sentence reflective piece from today:  Today, despite being tired after a long day at work, I managed to get through it with minimal disruptions. My routine included sitting down all day without much movement, which is not ideal for my health.",33.81,-0.18,-0.88,0.08,-0.11
"Today, I woke up feeling hungry despite trying to stay away from processed junk food. Despite this, I made sure to eat a nutritious breakfast that included whole grains, fruits, and vegetables.",37.05,0.77,0.13,0.65,0.47
This is just an example of how to write your 2-sentence personal reflection today. Feel free to adjust according to your preferences and needs.,41.84,0.89,0.15,0.76,0.53
"Hey there! Today has been an excellent day so far, starting out bright and early with some quick breakfast items (vegan oatmeal with berries, almond milk) before hitting my usual daily routine of getting dressed, showering/getting ready, working from home for a few hours, then going for a nice brisk walk around our neighborhood. While I'm usually a bit unruly at times when it comes to eating nutritious meals, today felt like I had made some positive adjustments that have left me feeling more relaxed and centered than usual - which is something I really appreciate during these pandemic days! All in all, feeling focused,.",42.5,0.78,0.42,0.35,0.69
"Today has been a challenging one for me, but at least it's over! My body is finally feeling rested after an exhaustive working day, and my mind has cleared up thanks to some much-needed relaxation time. While sitting around doing nothing, my thoughts have wandered towards enjoying nature, soaking in sunshine and fresh air, and reconnecting with myself through meditation sessions.",14.68,0.56,-0.31,0.67,0.23
"Today has been one of my busiest days yet! I started early this morning by taking a leisurely stroll around town to clear my head before tackling my usual routine at home. When I arrived back at my desk after an intense but satisfying meeting, I immediately began working on several important projects that had been lingering over time.",17.53,0.98,0.78,0.59,0.75
"Sure thing! Here's your 2-sentence personal reflection:  Today felt both exhausting and motivating. I spent some time reflecting on my accomplishments throughout the week, and it gave me renewed energy to tackle more challenges ahead of me today.",13.0,1.0,0.79,0.47,0.93
"Today has been another long and exhausting workday where I spent most of my time managing multiple projects simultaneously without much breakthrough. However, despite the challenges, there were moments when I felt refreshed and energized by taking some restful breaks throughout the day to recharge both physically and mentally.",19.65,0.94,0.17,0.84,0.44
"Worked late into the night last night to finish a critical project deadline-driven by my boss's expectations. Despite feeling exhausted and overwhelmed at times throughout the day, I managed to stay focused, complete all necessary tasks efficiently, and feel more accomplished than before.",28.38,0.77,-0.08,0.63,0.33
"Working today like any other day, my body felt tired yet comfortable due to good restful sleep, making it easier for me to focus on various activities. After getting up, I moved around a bit but mainly settled into sitting down to finish some of my daily tasks.",34.51,0.58,0.12,0.45,0.45
"Today, after an eventful but rewarding workday, my body felt satisfied from my balanced breakfast of fruit and whole grains. Avoiding sugars throughout the day had been helpful during the week, so it wasn't surprising that I remained focused on completing my tasks without interruption.",34.9,0.88,0.6,0.41,0.77
"Reflecting on today's routine, my body felt refreshed after an average-quality sleep last night. After completing most of my daily tasks, I decided to take some time off to recharge and focus on important projects.",38.11,0.75,0.27,0.65,0.62
"Yesterday, despite feeling tired after a long night of restless sleep, I woke up early, got out of bed, showered, dressed, had breakfast (a protein smoothie), and started working at my desk before getting some fresh air and doing some light stretching exercises. This allowed me to feel refreshed, energized, and ready to tackle whatever challenges came next throughout the day.",40.22,1.0,0.72,0.46,0.73
"Personal Reflection: For today, it felt great to have time to myself, uninterrupted from work duties. While there were still some things that needed attention, I managed to finish them all without too much stress or distraction.",45.03,0.74,0.24,0.43,0.54
"Today, despite feeling slightly unwell at the beginning of the day, I found myself working through a variety of routine tasks while also being mindful of my surroundings and prioritizing mental wellness. My focus turned towards completing various projects and deadlines without any distractions, which allowed me to feel more accomplished and satisfied by the end of the day.",14.95,0.99,0.13,0.9,0.49
"Dear self,  I woke up feeling exhausted after working a long day yesterday but managed to accomplish most of what needed to be done today. It wasn't easy, though, sitting down and eating balanced meals throughout the day made it easier in some ways, while others were still challenging.",26.37,0.35,-0.46,0.11,-0.24
"As I stepped out of bed this morning, my body felt rested yet alert - ready to tackle whatever challenges lay ahead. As I made my way towards the kitchen, I couldn't help but notice that breakfast had been prepared just right, without any excuses or distractions from my busy schedule.",28.29,0.94,0.37,0.66,0.68
"(Breathing deeply) Yesterday was a blur of intense focus and productivity - my mind racing to complete all those important tasks that had been piling up throughout the weekend. As soon as I woke up this morning, though, it felt almost too easy; my body felt rejuvenated and ready to tackle whatever challenges lay ahead today.",32.55,0.84,0.02,0.73,0.26
"Dear [Name],  Today has been a tough day for me, I managed to complete some important tasks while also working on a few projects that require more attention. Despite being tired after waking up early, I made sure to have a nutritious breakfast consisting of healthy fruits, nuts, and eggs.",41.99,0.74,0.03,0.46,0.2
"This morning, despite having an okay sleep pattern, I woke up feeling refreshed and ready to tackle my daily routine. While getting out of bed, I noticed that it had been raining lightly throughout the night but now, the sun was shining bright outside.",45.56,0.75,0.34,0.21,0.63
"This morning I woke up feeling refreshed after an enjoyable evening spent at home with loved ones. As usual, my routine began by getting up early to make breakfast, which included eggs benedict for breakfast.",45.44,0.49,0.19,0.28,0.64
"This morning, as I stumbled out of bed to face another challenging day ahead, I felt exhausted but also motivated by the commitment and hard work I put into every aspect of my routine. With a fresh cup of coffee in hand, I focused on completing my tasks efficiently while checking off some unfinished items.",57.66,0.85,0.05,0.46,0.38
"Me: Got up early this morning at 7 am. It wasn't my usual routine but something inside told me it would be productive, so I pushed through my alarm clock, showered, brushed teeth, dressed and hit the pavement running for a few minutes before going back home for some breakfast and getting started on my day.",58.12,0.98,0.57,0.42,0.83
"Me: Refreshed after a peaceful night's rest, my body eagerly awaiting sunrise today. The smell of fresh coffee wafts through my home, filling my senses with comfort and warmth.",57.97,1.0,0.36,0.65,0.66
"Dear Diary,  Today, while still feeling fresh after my early morning wake-up call, I managed to complete some important tasks without getting too burnt out. However, despite this positive achievement, it's evident that my routine has been lacking in terms of balance lately - I've often found myself rushing through breakfast, barely making time for other essential activities like working, exercising, or socializing, leaving me feeling somewhat disconnected from my daily routine.",8.94,1.0,0.53,0.79,0.8
"After a long yet fulfilling night of sleep, I woke up feeling refreshed but also overwhelmed by my daily routine. As usual, I started my day by eating an excellent breakfast that included plenty of fresh fruits and nutritious vegetables.",10.75,0.65,0.53,0.33,0.77
"Yesterday, I woke up feeling exhausted after working overtime all night. The morning routine involved sitting alone at home scrolling social media and watching TV shows until it was time to eat breakfast.",17.83,0.64,0.26,0.35,0.61
"Sitting on my desk in front of this computer screen, I can hear the soft thudding sound of my keyboard. My fingers tapping away at their rhythm, almost distracting from my current stressful situation.",36.68,0.18,-0.84,0.17,-0.14
"Yesterday was a long, exhausting day that started off well enough. However, by mid-afternoon, my energy levels plummeted, leaving me feeling sluggish and unproductive throughout most of the rest of the day.",36.75,0.42,0.28,0.25,0.58
"Dear Diary,  Today began with a sense of exhaustion lingering throughout the morning. My mind felt cluttered by endless lists and deadlines that left little room for much else.",31.89,1.0,0.78,0.44,0.88
"During my usual day today, I found myself sitting at home all day without any activity except for checking emails and taking care of household chores. The lack of movement left me feeling sluggish and unproductive throughout the entire morning, leaving me struggling to focus during my regular workday.",50.7,0.11,-0.51,0.2,0.16
"Yesterday I woke up refreshed after having a great night's sleep, soaked in warm bathwater (which wasn't really necessary), nibbled on some delicious homemade granola bars and had a light breakfast consisting mainly of fresh fruits and yogurt. It felt nice to get out of bed and see that everything was still clean and tidy.",52.78,0.49,0.31,0.11,0.6
"Dear self-compassionately,  This is not your typical morning routine, but it's okay. Today was one of those days where I had an average workday, which doesn't always happen, especially when I have a lot on my plate.",51.43,0.71,0.31,0.29,0.69
"Yesterday, I woke up feeling exhausted after a long working day that seemed to drag on forever. Despite feeling burnt out and unmotivated, I took it one step further by closing my computer screens and staring blankly into space for a few minutes before getting back on task.",65.12,0.76,-0.16,0.5,0.29
Saw my favorite actor perform live at the local theatre Relaxed into a cozy spot under blankets with soft music playing Had a sweet tooth cravings that almost spoiled our entire night's entertainment Stumbled upon an exciting new restaurant within walking distance that served delicious comfort food Exhausted from a full week of working hard yet still felt satisfied with what we accomplished during it all Made sure not to eat any more than necessary before bedtime Feel grateful for this chance encounter.,17.89,0.57,-0.08,0.63,0.41
"Hey, today has been a productive one! As soon as I woke up this morning, my heart rate started slowing down, which made it easier to get out of bed and begin working towards my daily goals. However, as I got into the groove, I realized that I needed some extra energy for the remainder of my shift at work.",19.81,0.78,0.43,0.33,0.51
"Yesterday was an unforgettable experience that left me feeling energized and focused throughout my workday. I woke up to a bright sunshine streaming through my window, filling my senses with peacefulness and serenity.",22.38,0.71,-0.12,0.75,0.42
"In today's short working day, I managed to complete multiple tasks without feeling overwhelmed by my responsibilities. Despite checking off some important items on my to-do list, it felt good to be productive despite not achieving everything at once.",28.1,0.48,0.3,0.31,0.61
"During my normal day today, I focused on completing multiple tasks efficiently while maintaining balance between work and leisure time. Despite being quite busy throughout the morning, I managed to complete all of my essential duties without feeling overwhelmed by any of them.",34.72,0.5,0.07,0.42,0.46
"This morning, I started my workday like any other but quickly found myself struggling to focus amidst my endless list of tasks. My mind seemed distracted and my concentration wavered every few minutes.",34.07,0.87,0.46,0.5,0.72
"In a single thought, today I worked a shorter shift than usual, which allowed me to spend more time on my work without feeling rushed. While not entirely satisfied with this outcome, I am content knowing that it provided enough quality time to complete tasks at hand.",40.84,0.43,0.07,0.27,0.47
"In today's routine, I found myself working on some more productive projects while also managing my time effectively to avoid burnout. However, amidst all of this activity, there were moments when restfulness felt elusive, but it soon came back into focus thanks to a heart-healthy breakfast that included plenty of fruits, whole grains, and lean proteins.",40.38,0.46,0.24,0.38,0.63
"Today, despite feeling exhausted after an exhausting week of meetings and deadlines, I woke up feeling refreshed and rejuvenated. I took advantage of my leisure time to indulge in some mindfulness meditation sessions that have become my go-to routine lately.",49.53,0.97,0.3,0.59,0.41
"During today's average workday, I found myself feeling calmer and more relaxed than usual. As my body began to awaken after an unproductive late-night session, I decided to take advantage of it and make some progress towards achieving my daily goals.",44.98,0.71,0.44,0.25,0.75
"Yesterday I woke up feeling exhausted from working long hours during the weekend. Despite that, I managed to get some important tasks completed before moving into a more relaxed routine throughout the day.",20.88,0.89,0.2,0.73,0.51
"During my typical workday today, I managed to check off several important tasks efficiently without feeling overwhelmed by the pace of the job. I refreshed myself mentally and physically by getting into bed at an early hour after having a well-rounded breakfast consisting of both healthy and unhealthy options.",23.95,1.0,0.43,0.74,0.57
"This morning, I woke up feeling exhausted after working late into the night on multiple projects. However, despite this initial setback, I managed to get through my entire workday without any distractions.",46.42,0.74,-0.32,0.43,0.04
"This morning, my body felt a little rough around the edges from lacking enough restful sleep. However, despite this minor setback, my mind remained focused throughout the long workday.",50.07,0.91,0.51,0.25,0.72
"Me: Today, despite feeling exhausted after a long night of studying and late-night research sessions, I decided to take it easy by working on less demanding projects that don't require too much concentration. However, during breaks, I tried to engage myself in activities that would help me stay active and prevent boredom from setting in.",46.8,0.18,0.15,-0.07,0.51
"Morning! Today started out like any other, so far as my routine goes, which isn't saying much considering it hasn't been very regular in recent months. But hey, there's always tomorrow to get things right.",60.2,0.74,0.06,0.48,0.18
"Journal Entry for Someone Who:  I woke up feeling exhausted after working on something stressful all night. My mind felt muddled from lack of sleep, so it took me a while to get back into the swing of things.",74.74,0.3,0.09,-0.08,0.41
"Started my routine early this morning by getting up at 6am, which helped me feel more alert and focused throughout the day. Although it wasn't the perfect wake-up call, it gave me enough time to get ready and out of bed before any distractions came knocking.",77.76,0.91,0.36,0.33,0.58
"In today's busy yet routine workday, I felt confident, focused, and accomplished when completing all of my essential tasks. However, afterward, I reflected that while it may have been productive to get everything done, I also acknowledged that sometimes we need to take time away from our daily responsibilities to recharge, relax, and let our minds clear.",83.77,0.99,0.25,0.57,0.5
"Working Typical Day  Reflecting today, I felt both calming and focused. I got up early to complete my morning routine of exercise and meditation before starting my workday.",96.31,0.93,0.02,0.51,0.46
"Today I felt content and at peace despite feeling exhausted after an intense yet fulfilling day. My routine was slightly disrupted by late nights during my previous week, but I managed to get back into a groove before bedtime.",8.22,0.8,0.42,0.56,0.58
Monday morning started out just like any other day. I woke up feeling refreshed and excited about my new week ahead of me.,14.27,0.47,0.01,0.63,0.55
"Yesterday, I had an uneventful morning routine of eating my usual balanced breakfast and preparing my lunch before heading out for work. While it wasn't particularly productive or fulfilling, overall, I felt calm and centered throughout the day.",18.85,0.98,0.58,0.45,0.55
"Meanwhile, yesterday felt exhausting due to constant multitasking that led me to feeling disconnected from myself, mentally drained, and unfulfilled by my job responsibilities. Despite the stress, however, I still managed to complete several important tasks without any major setbacks throughout the day.",24.69,0.49,-0.33,0.59,0.33
"This morning started out like any other - Typical in terms of routine, although it took some time to feel my body fully awake after last night's restful slumber. As usual, I managed well by eating balanced meals consisting primarily of nutritious plant-based options, which helped to keep me energized throughout the day.",29.7,0.63,0.01,0.62,0.3
"Yesterday, despite feeling disorientated by my busy morning routine, I managed to complete several key tasks without any major setbacks. My hands were still slightly stiff, which made it difficult to type with ease; however, after a quick nap, I felt much more focused than before.",34.75,0.43,0.25,0.49,0.46
"Sitting at my desk, freshly woken up after an unforgettable night's rest, I reflect upon how blessed I am to have had such a peaceful and fulfilling sleep. The routine of morning routines began just like always - getting out of bed and slowly making myself ready for the day ahead.",43.62,0.89,0.35,0.67,0.47
"Today has been an uneventful yet productive one. From waking up to bedtime, my focus shifted from work-related activities to completing household chores.",48.46,0.79,-0.1,0.57,0.42
"During my working day today, I focused intensely on completing multiple tasks while feeling confident that I had met all of them without any hiccups. However, I did feel slightly anxious about getting everything done before the end of the day, so I took some time to reflect on my productivity earlier this morning after waking up.",48.67,0.93,0.5,0.54,0.71
"Sure! Here's your updated 2-sentence personal reflection:  Refreshed after a restful evening, today was a better start than yesterday. Avoided caffeine intake, went for a brisk morning walk around my neighborhood, ate nutritious breakfast that included some fresh fruits and veggies, indulged in some light protein and healthier options for lunch, felt more motivated during the workday due to prioritizing self-care, and even managed to finish all necessary tasks before rushing out for dinner with friends.",53.79,0.96,0.71,0.3,0.74
"Hey there! Today's been an eventful one, albeit not entirely smooth sailing. After getting up at a decent hour (thankfully), I got my work done quickly without much difficulty thanks to my efficient workflow.",12.97,0.44,0.2,0.45,0.47
"Today, despite feeling slightly dizzy after a few hours of wakefulness, my body felt relatively normal as I prepared to head into another hectic day at work. I made myself a nutritious breakfast that included lean protein sources such as eggs and yogurt, followed by some more hearty carbohydrates like whole grain bread and oatmeal.",19.27,0.39,0.09,0.23,0.45
"Today I had an average workday that focused heavily on completing tasks while checking them off my to-do list. However, despite feeling exhausted afterward, I made sure to prioritize eating balanced meals throughout the day and getting some exercise during breaks.",21.98,0.69,0.27,0.47,0.7
"Worked Short Day  When I woke up this morning, my mind felt slightly scattered due to an intense night of studying beforehand. As soon as I began working on my latest project, however, everything fell into place seamlessly.",29.28,0.76,0.25,0.37,0.38
"This morning, my day started like any other. After a brief period of uneasy restlessness, I began to focus on my duties at work.",31.68,0.99,0.17,0.87,0.45
"Sitting here working my usual days while moving around some more today, feeling somewhat uneasy at times due to shifting locations, but overall contented with achieving my goals and staying focused. My daily routine remains consistent, eating balanced meals and taking breaks throughout the day.",40.41,0.76,-0.08,0.55,0.32
"Today was an eventful day, where I had to complete several tasks that were both stressful and time-consuming. However, despite feeling overwhelmed at times, I managed to stay focused and achieve my objectives without much difficulty.",49.1,0.44,-0.21,0.32,0.38
"Got up early this morning feeling hungry after a late night last night, so made myself breakfast - eggs, sautéed spinach, and some avocado toast (which felt like my perfect balance of carbs, protein, and healthy fats). Avoided checking emails/social media during work hours, instead spent time reading books, catching up on blogs, and listening to podcasts while having lunch at home.",60.81,0.69,-0.03,0.34,0.26
"After waking up early this morning, feeling refreshed after a restful night's sleep, I decided to get my routine started before heading out for an ambitious workday that had been scheduled for several hours earlier today. Despite feeling somewhat sluggish initially due to lack of sleep, I managed to complete my daily activities within the allotted time frame without much hiccup, leaving me feeling accomplished and energized for the remainder of the day.",61.05,1.0,0.56,0.51,0.81
"Breathing in, feeling my body awaken, The world outside is blanketed in light, Sipping coffee and scrolling through social media, Refreshing mind to keep up with my busy schedule. Moving into focus, the daily chores begun, Pushing ahead without a second thought, Changing out of work clothes before heading home, Eating heartily, enjoying nutritious meals.",68.45,0.9,0.09,0.43,0.24
"During my early morning shift at the office, I felt an overwhelming sense of energy coursing through my veins. The crisp autumn air filled my nostrils as I breathed in deeply, releasing it slowly out through my mouth.",20.31,0.61,-0.16,0.65,0.36
"Worked from home today due to unforeseen circumstances; however, despite feeling a little restless at times, my job is still fulfilling and provides an opportunity for growth in different aspects of my life. Despite not having enough time during the day to properly sit down and eat a healthy meal (as mentioned earlier), I have been able to make sure that my daily tasks were completed efficiently without neglecting any essential elements of my routine.",31.21,0.2,-0.43,0.31,0.2
"As I sit down today after a full night of restful sleep, I feel recharged and refreshed. My mind is clear and focused, leaving little room for distractions.",32.48,0.72,0.4,0.43,0.67
"Greetings [Name], today has been an average day filled with routine activities that have left little time to reflect on my accomplishments and daily progress towards my goals. Despite feeling stressed out by the endless to-do list, I managed to achieve some important tasks that contributed to maintaining balance in my life.",38.02,0.4,0.23,0.19,0.56
"Sure! Here's a revised version of your journal entry for someone who had an average day:  Today has been a challenging yet fulfilling day. At times it felt overwhelming due to a hectic schedule but ultimately, I found myself feeling energized by the end.",35.84,0.48,0.39,0.09,0.66
"Early morning chores completed - started by making coffee (a routine that usually takes me about 5 minutes), showered, dressed, brushed teeth, and hit snooze button until it rang. When I finally got out of bed, I took some deep breaths before starting my day.",41.99,0.99,0.55,0.68,0.73
"This morning I woke up feeling refreshed after an enjoyable night's rest. As I got out of bed, I took my time getting dressed, taking care not to rush through any task.",50.28,0.97,0.33,0.66,0.62
"Starting my day today wasn't easy. After working overnight, the typical routine didn't go according to plan, and by the time I got out of bed at around 7 am, it felt like an entire day had passed.",61.71,0.51,-0.39,0.35,0.24
"Today has been a typical morning routine for me. As usual, my body wakes up slowly, allowing me to get ready and out the door without any hurry.",63.69,0.49,0.26,0.08,0.6
"Reflective: Today was another average day where I woke up feeling exhausted but still managed to get some work done despite the lack of energy. I spent most of my time studying and working on projects that were due next week, which gave me a sense of accomplishment.",67.96,0.77,0.49,0.09,0.58
"Me: Today has been an average day filled with routine activities such as working in my usual office space throughout the morning until lunchtime when I decided to take a break to explore nearby parks for some fresh air. Aside from that, I spent the rest of the afternoon completing several administrative tasks before checking out of the office at roughly 4pm.",27.52,0.93,0.11,0.66,0.25
"In today's short working day, despite feeling exhausted after having stayed up late last night to finish some projects, I managed to accomplish most of them without overworking myself. Aiming to maintain a healthier lifestyle by incorporating more balanced meals into my routine, I found that it helped me feel less stressed throughout the day.",36.44,0.52,0.15,0.2,0.43
"Workday today felt like any other, focused solely on completing tasks without much deviation from routine. However, despite my exhaustion from long hours at the office, I managed to accomplish some key projects that benefited my team's productivity.",47.39,0.9,0.19,0.63,0.56
"After a tiring day at the office, I took an early morning walk to clear my head and stretch out my tired muscles. While enjoying some fresh air, I noticed that the sun had already begun to peek over the horizon, signaling the beginning of another beautiful day ahead.",59.71,0.86,-0.12,0.58,0.34
"Today was a typical working day for me, where I spent much of my time completing repetitive yet necessary tasks while keeping an eye out for new opportunities to grow professionally. While sitting at my desk, I felt content and productive, taking care to eat a well-balanced breakfast that included plenty of whole grains, fruits, and lean proteins.",71.25,0.66,-0.14,0.46,0.45
"Yesterday, my average workday felt long but ultimately fruitful as I tackled several tasks that helped me grow personally and professionally. Despite feeling exhausted by the end of it all, I managed to accomplish much more than I anticipated without feeling overwhelmed.",75.26,1.0,0.71,0.17,0.79
"Meal Plan Today (Short Day) Had to get up early to prepare breakfast and make sure it wasn't too time-consuming before getting started on my tasks. As usual, had a hearty oatmeal that gave me energy throughout the morning while also being low-carb and high protein.",78.72,0.59,0.29,-0.0,0.66
"Today was an average day of productivity, where my work schedule required me to complete some tasks during short periods while working from home. Despite feeling exhausted by the end of the day, I managed to accomplish most of my daily responsibilities without experiencing any major setbacks or disruptions.",85.42,0.47,0.21,-0.03,0.56
"Me, today I woke up feeling exhausted but managed to drag myself out of bed early enough to make it to the gym for some cardio before getting back on track with my daily routine. As I started my workout, the sweat drenched through my shirt, sending goosebumps down my spine.",89.24,0.96,0.53,0.28,0.76
"Dear [Recipient],  Today has been an average workday, where I've managed to complete several important tasks while working from home without any issues. However, I did feel slightly anxious about not having any physical interaction with colleagues since we have had a few remote meetings.",91.05,0.79,0.27,0.01,0.59
"Me today has been quite eventful! After completing my daily routine of checking emails and catching up on social media, I started working through my to-do list without much delay. I felt focused and motivated throughout the day, despite feeling slightly exhausted by the end of it all.",14.01,0.99,0.54,0.81,0.82
"This morning, I woke up feeling unwell but managed to get out of bed and make some breakfast on my own before heading straight to work. My body felt tired after being cooped up all night, so I decided to take it easy throughout the day.",14.55,0.64,0.34,0.18,0.61
"Today I had an average but productive workday. Despite my hectic schedule, I managed to achieve some important tasks without burning out or getting distracted.",29.03,0.31,-0.5,0.26,0.05
"Woke up feeling refreshed after an exhausting workday, grateful to have made it home before midnight. My breakfast consisted of a bowl of oatmeal mixed with some nuts and fruit, which helped me feel energized throughout my morning routine.",38.56,0.87,-0.02,0.55,0.3
"This morning, after a productive but challenging shift at work, I woke up feeling fatigued and grumpy. The sun peeked over my window and cast long shadows across the room as I took stock of what had transpired during the previous few hours.",42.39,0.75,0.45,0.35,0.67
Yesterday I felt stressed yet contented after having an enjoyable conversation with my colleague at work. My body felt relaxed as I stretched before heading to bed.,48.86,0.72,0.2,0.22,0.48
"Yesterday, I woke up feeling rested and refreshed after a well-rounded breakfast that included a mix of whole grains, leafy greens, and protein sources like nuts and eggs. My mornings usually begin with a jog around my neighborhood before heading to the office, where I am surrounded by supportive coworkers who inspire me to be productive and focused throughout the day.",53.17,0.95,0.45,0.52,0.63
"Moving to a new house has been one of my biggest challenges this year. It hasn’t been easy to adjust to my new routine, but it feels amazing when everything comes together.",62.42,0.57,-0.04,0.43,0.36
"Today, I had an average wake-up time, feeling somewhat groggy after last night's sleep. However, despite this initial discomfort, my mind quickly cleared and I found myself eagerly setting out on my day.",63.37,0.81,0.49,0.29,0.62
"In today's short yet productive day, I felt refreshed and energized despite feeling slightly stressed after finishing some important tasks at home. After winding down for a few minutes, I started working efficiently and stayed focused throughout my daily routine.",65.93,1.0,0.78,0.43,0.76
"Today has been an average day for me. I woke up feeling slightly hungry after a long night's rest, but since my morning routine involves yoga and meditation, I managed to keep myself busy throughout the day without having any major issues.",8.88,0.35,0.25,0.16,0.55
"Yesterday, I had an average workday where I managed to complete several important tasks without getting distracted by non-work related activities. While my overall focus remained focused throughout the entirety of the day, I found myself falling into the trap of checking email frequently during lunchtime.",14.0,0.26,-0.35,0.53,0.19
"During my typical short-day routine today, I woke up feeling tired but grateful that I got out of bed early enough to catch some sunlight. The chill morning air set an inviting mood, and I took advantage of it to head outside for some fresh air and exercise.",15.61,0.89,0.61,0.32,0.74
"In the early hours of this morning, as soon as my eyes opened, I knew that today would be different from any other. Despite an uncharacteristically slow night's rest, there were few challenges ahead as I embarked on yet another busy week at work.",24.29,0.35,-0.4,0.31,0.03
"This morning, my body felt tired but eager to begin my day, so I focused on completing my tasks efficiently without feeling overwhelmed by any distractions or interruptions. After finishing breakfast, I set out for an early morning run, which helped reinvigorate both my mind and body, allowing me to tackle my remaining tasks more easily than usual.",22.03,0.99,0.47,0.7,0.77
"Monday morning found me exhausted yet motivated, feeling both restless and invigorated by the sun streaming through my window. As I sat down to write this reflection, I closed my eyes and took deep breaths, grateful for the moment of stillness that followed.",26.18,1.0,0.5,0.74,0.81
"Lately, it's been an exhaustive yet productive day. From 8 am to 5 pm, I managed well but focused solely on my daily tasks without taking any breaks or time for myself.",28.47,0.5,-0.4,0.59,0.21
Physical Sensation: My eyes burned red with fatigue after just three hours of working. Feeling energized since waking up.,33.15,1.0,0.52,0.53,0.77
"Yesterday, my body felt tired from a long day of work. However, it wasn't until early morning that my mind started to feel sluggish and unproductive.",35.24,0.36,0.18,0.25,0.6
"Today has been an average workday that started early due to unforeseen circumstances. Despite feeling exhausted after completing several tasks before breakfast, I managed to focus on finishing everything I needed to accomplish before heading home.",38.45,0.69,0.28,0.4,0.6
"Worked Typical Day  Today, I had to manage my time efficiently while working at home due to some unexpected events. The initial hour-long meeting went smoothly, which allowed me to get back on track quickly.",22.51,0.35,-0.26,0.56,0.23
"Sitting at my desk this morning, feeling stressed out from juggling multiple projects while also working long hours at home. My mind wanders between anxious thoughts of deadlines looming and unfinished tasks piling up.",31.1,1.0,0.34,0.68,0.49
"Today, despite being the typical start to my day, I managed to achieve some level of productivity that allowed me to move around somewhat without feeling exhausted. This is an average day when it comes to output and efficiency.",47.37,0.53,-0.15,0.18,0.14
"Dear Ally,  Today has been another typical day where I found myself struggling to get out of bed in the morning, feeling exhausted during the day, and settling into work routine without much enthusiasm. However, despite these challenges, there were moments that helped me stay motivated throughout the day.",53.32,0.45,-0.12,0.52,0.28
"Late afternoon sun peeking through my window, feeling exhausted yet motivated, ready to tackle another challenging day ahead. Today started off on a positive note, thanks to the peaceful morning spent reading books during lunch break at work.",52.13,1.0,0.68,0.26,0.83
"Refreshingly Early Morning Settled into my cozy bed like a caterpillar to the chrysalis of wakefulness. A few hours ago, my body had slept soundly, but now it felt alive and energized.",51.53,1.0,0.58,0.36,0.83
"Today has been a whirlwind of activity for me, ranging from moving furniture to eating healthier and getting adequate rest. The morning started out rough, my eyes ached from lack of sleep, my body felt exhausted after a gruelling night’s work, but I managed to overcome both obstacles by focusing on my breathing exercises throughout the day.",63.9,0.89,-0.04,0.52,0.33
"As I opened my eyes to another day, the sun shone brilliantly over my bedroom window, casting an ethereal glow that filled my room with warmth. This morning felt slightly different than others; today, I moved around a bit more, but mainly sat down to complete essential tasks.",74.72,0.62,-0.07,0.37,0.38
"Me: Today, despite feeling exhausted after a long day of work, I managed to maintain some semblance of normalcy by staying hydrated throughout the morning, eating nutritious breakfasts that provided sustained energy levels, and taking frequent breaks during my commute and at my desk. Despite occasional distractions from colleagues and clients, I managed to avoid any major setbacks in terms of productivity while still being able to complete most of what needed to be done on time.",91.83,0.67,-0.29,0.12,-0.03
"Me: Today, despite feeling exhausted after another long shift at work, I woke up to an average morning routine that included a hearty breakfast consisting of whole grain cereal, mixed berries, almond milk, and a variety of protein sources like eggs, turkey sausage, and chicken breast. Despite feeling somewhat sluggish due to lack of sleep during my last few days off, I managed to move around some throughout the day without any major setbacks.",99.64,0.5,0.04,0.2,0.32
"Meanwhile, while working today like any other day, my mind felt calm and in control. After completing most of my routine tasks, I made sure to take some time out for myself to eat a nutritious breakfast that consisted mainly of whole grains and fruits.",11.15,1.0,0.45,0.83,0.69
"Yesterday I woke up feeling hungry but managed to resist temptation until just before breakfast time. After eating my hearty breakfast of whole grain oatmeal and fresh fruits, I hit the ground running towards work, completing three long days' worth of tasks without any issues despite having a busy schedule due to unforeseen circumstances outside of my control.",20.4,0.47,0.37,0.08,0.4
"In this early morning hour, I find myself feeling both exhausted yet motivated. The sound of birds chirping and the rustling leaves outside is calming, and their harmony sets the tone for the rest of my day.",28.58,0.84,0.03,0.65,0.34
"This morning, my daily routine consisted of completing various tasks, including checking email, reviewing project progress, answering phone calls, preparing reports, etc. , but I focused solely on work without feeling overwhelmed by the tasks at hand.",30.29,0.98,0.69,0.52,0.69
"During today's average day, I experienced various physical sensations that left me feeling both tired and energized at different intervals throughout my waking hours. My eyes felt heavy and painful from lack of adequate rest last night, so I opted to take an early nap this morning before starting my usual routine.",28.68,0.27,0.12,0.18,0.53
Today was an average day. I started my shift at work around 9 am and had a few meetings throughout the morning.,34.58,0.77,0.56,0.21,0.72
"Me: Today, despite feeling somewhat sluggish after an exhaustive overnight shift, I found myself content to stay home rather than venture out into the hustle-bustle of my daily routine. It's been quite some time since I last caught a bite to eat, so when I got hungry around midday, I made sure to grab a nutritious snack before heading back to my desk.",31.68,0.97,0.72,0.47,0.84
"Dear Diary,  Today was not my best day, to be honest. But despite feeling exhausted after being up all night working on a project, I managed to stay focused throughout the morning.",32.94,0.3,0.13,0.13,0.53
"Sitting at my desk all day today, it felt like an endless task list had been completed. Yet despite this, I managed to accomplish many important things throughout the morning, including completing two research papers, finalizing several project proposals, and managing our team's workflow effectively.",42.81,0.64,-0.02,0.59,0.46
"During today's usual routine of working at my desk, eating balanced meals, moving around moderately, and focusing mainly on assigned work, I noticed that my eyes were feeling slightly painful after not having been touched by them for several hours. My back felt slightly strained due to sitting down more than usual, which helped alleviate some discomfort.",47.78,0.44,-0.07,0.54,0.39
"Yesterday, despite feeling exhausted from the previous day's workload, I made it through the entire workday without too much stress or difficulty. My focus remained intact throughout my daily routine, which allowed me to complete several important tasks while also ensuring that I stayed within my productivity boundaries.",17.14,0.54,-0.26,0.65,0.25
"Morning [Time] | Work day complete | Refreshed | Feeling calm & in control | Eating balanced meals, mostly healthy food | Moving around a bit, mainly sitting down | Striving to maintain balance amidst all distractions of my busy life (work, relationships, hobbies)  Instructions: - Begin with a thought about how fast/slow your morning went. - Avoid starting sentences with the word ""I,"" ""you,"" ""we,"" ""they.",22.02,0.87,0.06,0.75,0.35
"Yesterday, my routine remained unchanged from yesterday's morning routine. I woke up early and took some time to meditate before starting my day.",25.14,0.61,0.14,0.19,0.51
"Today, despite feeling tired after a long week of work, I made sure to eat a balanced breakfast consisting of whole grains, fruits, and dairy products. I also had some nuts and dried fruit for snacking throughout the morning.",24.13,1.0,0.53,0.67,0.83
"Dear Diary,  Greetings from this hectic morning where even the birds seem to be struggling to find their feet amidst the chaos of unfamiliar surroundings. As I sit here in front of my computer trying to make sense of my routine, I feel exhausted yet motivated - something that hasn't happened in days.",30.92,0.08,-0.44,0.42,0.21
"Today was an uneventful yet fulfilling day at work, with my team members helping me out where possible, and the occasional team-building activity that brought us all together. The sun shone brightly, and I managed to get everything done efficiently despite feeling unwell due to recent respiratory issues.",37.17,1.0,0.54,0.5,0.69
"Workday today was not ideal. It felt like an average day filled with busy-ness, checking off tasks without any real focus or purpose.",40.56,0.98,0.44,0.49,0.49
"Sitting in my chair, feeling refreshed after a restful morning at home, it dawned upon me that today had been a productive one despite some mild discomfort. The sun had just risen above the horizon, casting warm rays onto the verdant grass below.",43.55,1.0,0.78,0.4,0.86
"I am currently working during a typical day amidst regular routines. My body feels sore after an exhausting yet fulfilling morning routine consisting of taking deep breaths, stretching my muscles, drinking water, eating some healthy snacks, and getting out of bed to tackle another task.",46.49,0.48,0.17,0.34,0.62
"Today has been an average day at best, starting early to attend a meeting that went late into the night. As I made my way home afterward, I felt hungry yet had already eaten breakfast earlier in the morning.",53.64,0.58,-0.02,0.44,0.47
"Today has been an overall productive day for me, working towards completing my daily to-do list while still managing to eat healthily throughout the morning. My breakfast consisted of oatmeal with mixed berries and almond milk, which provided both nutrition and fiber.",20.68,0.98,0.18,0.86,0.61
"Sitting here at my desk, working away diligently, feeling the weight of this day bearing down upon me. My body feels relaxed, yet alert; ready to tackle whatever comes next.",38.45,0.92,-0.0,0.59,0.33
"Today, despite feeling exhausted after an eventful morning, I took care of myself by eating nutritious meals that kept me full throughout the day. My focus shifted towards work and made sure to complete all assigned tasks efficiently without getting sidetracked.",48.94,0.94,0.33,0.7,0.71
"This morning began like any other day - a few hours of deep rest before starting my routine. However, something felt different today, as though I had managed to complete more than just basic tasks throughout the day.",64.65,1.0,0.38,0.5,0.57
"Dear Diary,  I am happy to report that today is not just another ordinary day - it has been one of my most productive days so far! As usual, I woke up early this morning feeling exhausted but determined to tackle whatever challenges came my way. The sun shone brightly outside, casting long, golden rays on everything around me.",64.02,0.97,0.53,0.29,0.8
"Sure thing! Today I woke up feeling restless after not getting much sleep last night. My eyes stung from closing them all night long, making it hard to get out of bed without throwing my pillow.",69.92,0.95,0.61,0.39,0.8
"Hey there! Today has been a tough day - it started out fine but quickly became overwhelming. After waking up feeling slightly unmotivated, I took some time to reflect on my morning routine and realized that taking regular breaks can help prevent burnout.",75.96,1.0,0.32,0.65,0.7
"In this morning, I ate a balanced breakfast of fruits and oats, which helped keep me energized throughout the workday. While moving about slightly, I still got most of it done efficiently.",88.66,0.77,0.22,-0.04,0.54
"Breathing deeply and slowly, As I sat down after a long weekend break, Reflective moments gave me time to recharge, And set aside any thoughts that were weighing on my mind. Mindfulness meditation, deep breaths, Sitting in silence, observing my surroundings, Allowing myself to be fully present, In this moment where each step feels light.",89.22,0.73,0.5,0.02,0.71
"As I stepped out of bed this morning feeling refreshed after an excellent night's rest, my body felt calm and in control. My mind was clear, and all thoughts were focused on getting ready for work, which seemed relatively easy given how much I had accomplished during the previous weekend.",88.04,1.0,0.52,0.34,0.76
"Today has been another challenging but rewarding workday for me, with its usual mix of deadlines, client meetings, and project deliverables. Despite feeling exhausted by the end of it all, I found myself more focused and productive than usual.",14.46,0.7,0.35,0.39,0.67
"This morning, I woke early enough to refresh my mind after an exhaustive night of sleep. My routine began by getting out of bed promptly at dawn, which allowed me ample time to get moving before the sun's rays had fully penetrated into my room.",16.47,0.97,0.42,0.68,0.59
"Yesterday, while working through most of my to-do list, I found myself feeling more tired than usual after completing several critical projects by midnight. However, despite this exhaustion, I was able to maintain balance by eating a nutrient-dense breakfast that included whole grains, lean proteins, fruits, and vegetables, which helped me feel energized throughout the morning.",32.46,0.7,-0.13,0.62,0.46
"Hey, it's been an average day! When I woke up this morning, my mind felt foggy, so I decided to treat myself to some fresh-pressed juice (which is also one of my favorite snacks) and take a relaxing bath to unwind after a long shift at work. As I spent time reading, reflecting and planning out my week ahead, I realized that things have definitely settled into a more manageable rhythm since moving back home earlier in the month.",49.64,1.0,0.23,0.5,0.37
"Early this morning, I woke up feeling exhausted after another long working day. However, instead of letting exhaustion consume me entirely, I took some time to reflect on how much progress had been made since yesterday.",50.79,0.97,0.83,0.34,0.82
"I woke up feeling exhausted after another long night of studying. The routine is starting to feel repetitive, but there's always something new to learn each day.",57.53,0.99,0.52,0.57,0.72
"Today has been a tough one to handle due to being stuck in front of my computer screen all day without any physical activity. But despite this, I have managed to keep up my daily routine by eating a nutritious breakfast that includes plenty of fruits and vegetables, keeping myself hydrated throughout the day by drinking water from time to time, and making sure to take regular breaks when necessary.",73.42,0.52,-0.33,0.21,0.23
"This morning, after an enjoyable evening spent at home with loved ones, I woke up to an average routine that usually involves some form of exercise followed by breakfast. However, this particular morning I decided against doing any physical activity outdoors due to the oppressive heatwave that hit our area during the weekend.",80.16,0.48,0.17,0.18,0.54
"Refreshing after a long night's rest, The gentle light of sunshine bathed my bedroom floor. As I stepped out into the fresh morning air, I felt refreshed like I had been on vacation all weekend.",81.73,0.96,0.58,0.28,0.74
"Got up early this morning feeling exhausted but refreshed after a long night's sleep. Despite working short hours today, I still managed to complete some work assignments that were assigned yesterday while taking advantage of the cooler weather outside.",86.04,0.98,0.54,0.22,0.76
"Today has been one of those days where my focus at work had to be maintained in order to complete all my responsibilities. Despite checking off most tasks throughout the day, I still found myself feeling tired and stressed out afterward.",26.35,0.65,-0.15,0.49,0.16
"This morning, I woke up feeling exhausted after a long, yet productive, workday that involved completing several tasks in one sitting. My mind felt clear, focused, and motivated, leading me to take some time for myself this morning.",26.31,1.0,0.72,0.52,0.85
"(Strikeout) Today felt like an average day at best, with little to no focus on my tasks. Despite this, I managed to complete some important responsibilities without feeling overwhelmed by stress.",31.4,0.35,0.14,0.24,0.5
"Sure! Here's a 2-sentence reflective essay that adheres to my previous instruction:  Yesterday I had an uneventful yet productive working day where I managed to accomplish several key tasks without feeling overwhelmed. At some point during the morning, however, I felt hungry but didn't want to eat anything too heavy just yet, so I took a quick walk around the block and then sat down at my desk to check my emails before continuing with my work.",34.61,0.81,0.42,0.43,0.68
"Early morning sun shining brightly over my city-side window. As usual, the morning routine has begun - wake up early to catch the light, pack breakfast, and head out into the world.",45.55,0.4,0.13,0.02,0.4
"Yesterday, despite feeling tired after an early morning shift at my job, I woke up feeling contented and refreshed, grateful to have gotten some restful sleep before heading out into the world once again. As I sat down to eat breakfast, I felt a sense of calm settle over me, allowing me to focus better on my work without any distractions.",60.18,0.62,-0.1,0.38,0.35
"Personal Reflection: Yesterday was an average day, but it wasn't all bad! After waking up late due to a delayed flight, I managed to get out of bed at my usual time without any hiccups. As I got dressed, I noticed that I had enough clothes to last until tonight's scheduled grocery shopping trip, which gave me some peace of mind knowing that I wouldn't have to worry about getting dressed early before heading out.",64.98,0.86,0.45,0.2,0.59
"Yesterday, I spent my usual working hours at home without any distractions. Although it wasn't the most productive day, I managed to complete all my assigned tasks within my allocated timeframe.",67.92,0.89,0.33,0.5,0.73
"Today was another typical day where I spent time working at my desk, checking off a few tasks and eating a healthy breakfast before starting my morning routine. However, this wasn't an ordinary day; it felt more like a routine that had been repeated countless times before.",77.92,0.97,0.24,0.68,0.57
"Today, despite feeling exhausted by mid-afternoon, I was able to put together a solid plan for the remainder of my working week. While I may not have been fully rested, I did find that taking some time out for myself beforehand allowed me to approach each task more focused and intentional.",88.82,0.96,0.47,0.15,0.57
"Yesterday was an average day at home with some occasional chaos thrown into the mix. After getting up early to meditate and practice gratitude, I started my usual routine of eating a light breakfast before heading out for the day.",12.83,1.0,0.23,0.92,0.55
"Today has been another typical day, where I woke up to an abundance of healthy breakfast options that included veggies, fruits, and whole grains. Despite feeling sluggish after my long workday, I made it through the morning routine without any issues, which left me feeling energized and ready to tackle the rest of the day ahead.",24.42,0.97,0.04,0.66,0.32
"Today, despite my exhaustion from yesterday's long shift at work, I woke up feeling refreshed and ready to tackle whatever came next. As soon as I hit snooze on my alarm clock, I knew it was time to get started on my daily routine.",22.44,0.87,0.73,0.28,0.71
"Sure thing! Today was definitely not a typical one for me, but overall, it was a great day. As soon as I woke up this morning, I made myself breakfast, which included some whole-grain cereal mixed with fresh fruit and almond milk.",24.29,0.98,0.66,0.52,0.79
"Sitting in my office chair, staring at the computer screen, feeling overwhelmed by the endless list of to-dos. The heat radiating from my desk is a constant reminder that today has been another exhausting yet productive day where nothing feels complete without getting everything done.",33.69,0.51,-0.34,0.49,0.28
"Today, despite working a normal routine, I found myself feeling overwhelmed by my to-do list at the end of the week. As I left the office, I noticed a bustling coffee shop across the street where I indulged in a caffeinated beverage while scrolling through social media and emails.",32.67,0.5,-0.0,0.51,0.44
"I awoke feeling tired after a full night of restless sleep, and while it may have been a slight inconvenience to get out of bed early for another long shift, I knew that today would be different from any other. As soon as my feet hit the ground, my mind cleared, and I felt a sense of calm settling over me.",36.95,0.6,0.3,0.25,0.68
"Today I ate my usual breakfast of fresh fruits, yogurt and oats, slowly getting ready for another productive day at work. As I took a deep breath before starting, I felt relaxed and refreshed after a restful night's sleep.",38.5,0.95,0.52,0.69,0.7
"Today's workday was long, but it wasn't completely terrible. Despite feeling fatigued throughout the day, I managed to accomplish most of my tasks without any major setbacks.",46.07,0.03,-0.72,0.19,0.04
"I woke up to another typical morning routine today - working diligently until my heart's content before taking some time out to refresh myself in nature. My mind felt clear and focused after getting enough rest last night, which allowed me to tackle multiple tasks efficiently without feeling overwhelmed by the sheer amount of workload.",56.17,1.0,0.18,0.57,0.44
"At this early hour, I find myself feeling rested and refreshed from yesterday's exhausting but satisfying workday. Although my schedule may seem packed at times, I try to prioritize eating well-balanced meals that include protein, complex carbohydrates, fruits, and vegetables while also getting enough physical activity during the morning commute.",5.72,0.87,0.54,0.48,0.8
"Yesterday, I managed to complete several crucial tasks without feeling overwhelmed by pressure. Despite my busy schedule, I made sure to take regular breaks throughout the day to stretch, drink enough water, and eat nutritious snacks.",10.5,0.98,0.7,0.54,0.79
"Dear Self,  Hey there! Today has been a long one, but I'm proud of myself for pushing past exhaustion and staying focused throughout the morning routine. As I stare at my screen, I can't help but feel motivated by all that needs to get done today.",10.49,0.89,0.35,0.53,0.7
"Yesterday, despite being tired from work and feeling stressed throughout the morning, I managed to get up early enough to go for a quick jog around my neighborhood before heading into the office for an intense workday. As soon as I arrived, I made sure to take a few deep breaths and focus on clearing my mind of any negative thoughts that may have been clouding my vision.",14.37,0.99,0.51,0.61,0.65
"This morning, feeling refreshed after an exhaustive workday, I opted to take advantage of my time at home before starting my daily routine. With a few minutes left before rush hour commutes began, I decided to take a leisurely stroll along the nearby canal, admiring its serene beauty amidst the bustling city.",14.9,0.84,0.24,0.58,0.6
"Yesterday I woke up feeling hungry but managed to keep myself fed throughout the day despite a busy schedule that left little time for proper eating habits. Despite not having enough energy or motivation to pursue any fitness activities, I made sure to eat well-balanced nutritious meals consisting of various fruits, vegetables, lean proteins, and whole grain carbs.",21.82,0.18,-0.46,0.25,0.02
"Dear self,  Today has been a typical yet challenging one for me, as usual. While working throughout the morning hours, I found myself feeling tired and unmotivated to keep up with deadlines.",22.71,0.37,-0.33,0.46,0.17
"[Insert your name] woke up feeling restless this morning. My body aches, my head pounding, and I can't seem to shake off the feeling of anxiety that has been lingering all night.",35.5,0.97,0.3,0.73,0.58
"Today has been an average workday for me. Although my mornings have always started on time, today felt more leisurely than usual due to some unforeseen circumstances.",33.32,0.4,0.29,0.19,0.54
"Sitting here typing away on my keyboard, feeling both tired yet motivated after working through a busy schedule that included eating a balanced breakfast and meeting some obligations during a short workday. The routine has been relatively normal lately but this morning, it all felt different somehow.",31.28,0.46,0.39,0.19,0.69
"Today has been a challenging one, as I spent much of my morning working long hours at the office. However, after completing all necessary tasks, I felt relieved to take some time out to enjoy my breakfast before getting started on other projects.",8.77,0.84,0.43,0.47,0.58
"Sitting at my desk this morning, I felt an overwhelming sense of peace and contentment that often eludes me during the busy weekdays. After taking a few deep breaths to steady myself, I quickly shifted my focus towards my work routine, completing several crucial tasks without any distractions.",26.24,1.0,0.27,0.77,0.44
"Starting from the present moment, today felt like any other average day where I worked towards completing my daily to-do list without much deviation. However, amidst all this routine, I noticed that I had managed to move around a bit more than usual and did not sit still too often throughout the day.",34.13,0.9,0.28,0.71,0.65
Breakfast: A bowl of oatmeal with mixed berries and almond milk topped with sliced banana and granola  Movement: Some light stretching at home while watching TV. A quick walk outside when weather permits  Productivity: Focused on completing email and administrative tasks that had been piling up over the weekend.,44.62,0.56,0.2,0.19,0.44
"Today, after an uneventful morning filled with balance-boosting meals, I arrived at work feeling calm and in control. My average day included moving about some more than usual, yet still managing to sit down consistently for several hours.",50.33,0.48,0.25,0.13,0.58
"Monday morning found me feeling a little under the weather. My eyes were sore from staring at screens all day, my back felt tense after sitting for too long, and I couldn’t shake the feeling of exhaustion that seemed to follow every task I attempted throughout the weekend.",44.27,1.0,0.6,0.37,0.82
"This morning, after a restful night's sleep, my body felt refreshed yet slightly unsettled. My mind raced as I tried to process everything that had happened during the past few days - studying for exams, working late hours, and spending quality time with loved ones.",62.24,0.83,-0.07,0.5,0.33
"I spent today like any other average working individual. I started my day by waking up to a bright sunshine, feeling calm and at peace with myself.",80.18,0.62,-0.22,0.38,0.4
"During my typical daily routine today, I moved about a bit more than usual while still adhering to my regular eating habits and maintaining good sleep patterns. I felt calm and in control despite experiencing minor discomforts such as eye pain, backache, and occasional energy surges.",89.83,0.89,-0.03,0.38,0.43
"Yesterday I woke up feeling refreshed after a restful night's sleep, my eyes were slightly puffy from tiredness but otherwise, all went well. As I sat down to begin working, my back began to stiffen due to sitting too long at one spot without moving it around.",100.54,0.92,0.07,0.49,0.53
"Worked from home today due to unforeseen circumstances that kept them offsite. Despite their best efforts at maintaining balance between work and leisure activities, they found themselves struggling with adequately meeting their basic needs throughout the entirety of their morning routine until approximately 4 pm when they had an afternoon appointment with their doctor.",28.85,0.32,-0.41,0.28,0.02
"Yesterday I had an unproductive yet fulfilling day. I managed to complete my routine activities without any significant hiccups, but unfortunately, it wasn't enough to meet my daily goals.",37.9,0.29,-0.69,0.32,-0.03
"Yesterday, while working late into the night, I experienced a range of emotions that left me feeling exhausted and mentally drained. However, despite this exhaustion, I remained focused and committed to completing all the necessary tasks for today.",50.19,0.8,-0.12,0.46,0.39
Working Typical Day (Day started at [time] and ended at [time]) - This was my usual working day where I focused on completing various tasks without any distractions. The productivity levels were decent while checking all the essential things.,55.8,0.86,0.28,0.6,0.62
"I woke up early today to begin my workday without any distractions from social media, TV shows, or unnecessary conversations. While sitting at my desk, I made a conscious effort to eat an appropriate breakfast, which consisted of fresh fruits and yogurt.",71.52,0.1,-0.57,-0.04,-0.0
"Morning! After a restful evening and some quality time spent scrolling through social media, today has been a pretty average but still satisfying one. As usual, I felt exhausted throughout the day, so it wasn't quite as busy as usual.",69.04,0.97,0.8,0.15,0.83
"Yesterday, despite feeling tired from an exhausting night of restless tossing and turning, I managed to get some vital work done without any interruptions or distractions. My body felt more energized than usual, which gave me the mental clarity required to concentrate deeply on my projects.",75.24,0.9,0.26,0.31,0.66
"Okay, today wasn't so bad, really. As I started working on this project, it felt like everything clicked into place, and before I knew it, we were finished.",77.69,0.76,0.14,0.24,0.6
"Today, I woke up feeling refreshed after an unproductive night's rest due to some work-related distractions that affected my concentration levels during my normal routine. However, despite this setback, I managed to complete most of my tasks on time without any major hiccups.",80.07,0.48,0.3,-0.1,0.57
Enjoying peaceful morning Reflecting on restful slumber Recharging my batteries today Celebrating new beginnings and achievements Sitting comfortably to complete daily routine Honoring productivity and priorities.,87.87,0.87,0.3,0.47,0.57
"This morning I woke up feeling a little sluggish after last night's late-night shift at my desk. My eyes stung from a clogged nose, so I took some antihistamines to ease them, followed by a cup of coffee to give me an extra boost in productivity.",15.63,0.46,-0.22,0.61,0.29
"This morning, despite feeling drained after a busy workday, I made it through an entire day without experiencing any significant distress or discomfort in my body. While some of my colleagues were rushing to get things done before heading out to meetings, I found myself sitting at my desk, focusing intently on completing several important tasks that required careful attention.",25.96,0.57,-0.04,0.48,0.1
"Hey there! Today wasn't your usual workday, but that didn't stop me from feeling accomplished throughout the week. As I started working towards completing my to-do list, I felt more focused than ever before.",32.0,0.79,-0.06,0.63,0.38
"During my morning routine, I found myself feeling drained and overwhelmed by the endless to-do list that had piled up in my mind throughout the night. My body ached from sitting at a desk for hours, but I managed to make it through another productive day without succumbing to exhaustion.",42.01,0.57,-0.32,0.39,0.15
"This is my daily routine today:  Physical Sensation: My eyes itch constantly, which makes me want to scratch them right away. This might be due to stress at work or anxiety from a recent decision.",50.02,0.78,0.03,0.57,0.4
"(Date) Yesterday was a difficult day at work, but overall it wasn't too bad. I managed to complete most tasks without breaking a sweat, even though my body felt exhausted by the end of the day.",61.17,0.56,-0.49,0.23,-0.02
"Today has been an uneventful but productive day. Despite getting up early due to my usual morning routine, I managed to complete some crucial tasks that helped boost my productivity throughout the day.",62.34,0.68,0.43,-0.04,0.59
"This morning, despite feeling a little sluggish after an exhaustive night's sleep, I got up early to prepare some balanced breakfast options that were both nutritious and wholesome. Afterward, I started my workday by focusing on my daily routine activities while keeping my workspace tidy and organized.",63.49,0.52,0.09,0.15,0.55
"Today, feeling exhausted after a long week of working remotely, I took some deep breaths to center myself before starting my routine. As I opened my laptop, it felt familiar yet different; it had been months since I last used it.",75.08,0.97,0.17,0.53,0.4
"During my typical workday today, I felt relaxed and recharged after a restful sleep of at least six hours. As I stepped into the office, I realized that it had been a full-week since I last refreshed myself mentally and physically.",75.57,0.98,0.57,0.44,0.7
"Yesterday's routine started early yet managed to flow well throughout my shift at work. My body felt refreshed after napping all morning, and I took advantage of this opportunity by working on some unfinished projects before heading home for lunch.",18.73,0.65,-0.09,0.84,0.37
"Growing up is like climbing a mountain of emotions. Sometimes it's steep, sometimes gentle; but always full of surprises that make us learn so much about ourselves.",26.4,0.97,0.57,0.75,0.63
Today was one of those days where everything seemed to go smoothly. From waking up feeling fresh to tackling all my responsibilities without breaking a sweat.,42.93,0.77,-0.03,0.48,0.33
"Dear Diary,  Today started out just like any other ordinary morning. I woke up to my usual routine of checking emails, getting ready for work, and scrolling through social media.",56.48,1.0,0.14,0.6,0.57
"(This reflective essay is written by me, using strict instructions)  Yesterday was an uneventful day, wherein I managed to get some work done despite being underwhelmingly focused throughout most of it. However, while working, I also had a few moments that were productive, which allowed my mind to clear out any negative thoughts or tensions lingering from previous days' events.",64.48,0.9,-0.13,0.55,0.43
"During my short yet hectic working day today, I took some time to reflect on my overall well-being and accomplishments. While it wasn't quite what I had hoped for, there were still many positives to take away from this challenging but ultimately fulfilling experience.",68.22,0.38,0.32,-0.08,0.52
"In today's busy world, it can be challenging to find balance amidst our hectic routines. However, I managed to do so through prioritizing my daily routine of healthy eating habits, getting enough restful sleep, exercising throughout the weekend, and focusing on my work during the weekdays.",70.62,1.0,0.46,0.39,0.78
"Hey there! Today's been an average day, but it wasn't too bad considering I got up early (around 8 am) and made sure I had some time to myself before starting my workday at 9. I spent most of my morning catching up on emails and working on some projects that require some heavy lifting.",76.54,0.83,0.47,0.26,0.77
"Injured my back during last week's errand run, but managed to take some much-needed time off today. Focus has been put into finishing up several important projects at work that have kept me busy throughout the past few days.",85.36,1.0,0.24,0.54,0.47
"Lately, my daily routine has been pretty consistent - wakeup early (around 6 am), work out consistently throughout the day, have some time to relax at home before heading out again, followed by an evening of reading/watching movies, and eventually settling down into bed around midnight. It's not always perfect, but it feels like a balance that works well for me and allows me to live a fulfilling life while still maintaining a sense of peace and contentment.",83.75,0.95,0.82,0.16,0.93
"This morning, as I woke up to my alarm buzzing at a loud volume, I couldn't help but feel a tinge of anxiety and uncertainty over the impending day ahead. But before long, I found myself stretching out on my bedroom floor, basking in the warmth of the sun filtering through my windowpanes, surrounded by the sounds of birds chirping outside my window.",13.11,0.71,-0.17,0.75,0.33
"Today was a productive one, but also challenging due to my usual routine of wake-up calls at ungodly hours (5 AM). But despite being tired and overwhelmed by work-related stressors, I managed to complete several important tasks without feeling too burnt out or exhausted.",14.96,0.78,0.37,0.62,0.74
"Me: Today, after a long day of working, I managed to get by without too much discomfort. My body felt relaxed and energized, ready to tackle whatever tasks lay ahead.",26.93,0.66,-0.27,0.51,0.19
Monday morning found me working long hours but without any significant accomplishments. My attention was focused primarily on completing several urgent projects before my deadline.,28.57,0.96,0.69,0.37,0.92
"Personal Reflection - Today I focused primarily on completing my daily tasks, ensuring that everything got done without any unnecessary distractions. My mind felt refreshed and motivated after this routine, allowing me to move ahead with my day feeling calm and collected.",28.74,0.6,-0.26,0.66,0.37
"Yesterday felt long but managed to balance it out with some quality time spent with friends & family! I started off feeling exhausted, but soon realized that a quick 45-minute run followed by some light stretching helped clear my mind. The rest of my day included eating a nutrient-rich breakfast (veggies, Greek yogurt, berries), working on homework from earlier, attending virtual meetings with team members, and finishing off with a couple hours of meditation before bedtime.",31.15,0.43,0.34,0.18,0.6
Mid-morning shift at my new job. Typical day so far.,34.26,1.0,0.23,0.76,0.58
"Working Typical Day  During this typically hectic day of to-do lists and deadlines, I found myself feeling more focused and productive than usual. Despite checking off many tasks, I still felt relatively calm and in control, especially since my daily routine involved sitting down instead of running around constantly.",42.12,0.83,0.23,0.45,0.64
"In today's busy schedule, it wasn't easy to focus on my job or complete any of my daily responsibilities without feeling overwhelmed. However, despite this obstacle, I managed to accomplish most of what needed to be done within reasonable time frames.",45.83,0.33,-0.38,0.52,0.19
"In my mind, today's day felt like it spanned over two hours. I woke up feeling refreshed and ready to tackle whatever challenges lay ahead.",55.23,0.78,0.14,0.43,0.34
"Dear [Friend],  I'm so grateful for today. It was a full and fulfilling day filled with meaningful activities that allowed me to feel connected and present.",9.51,0.97,0.69,0.61,0.74
"Today, after an enjoyable breakfast that included fresh fruit and a cup of coffee, I started my workday at around 9 AM, eagerly checking emails while sipping on some water. As usual, I made sure to stick to my daily routine of taking breaks throughout the day, practicing mindfulness meditation during lunchtime and exercising consistently before bed time.",11.56,1.0,0.63,0.58,0.81
"Dear Diary,  Today, I woke up feeling tired but determined to make it through another productive day at work. As I started my routine, I felt grateful for getting enough restful sleep last night.",16.72,1.0,0.73,0.51,0.88
"Yesterday, while working at my desk, I felt overwhelmed by an endless stack of unfinished projects, and unable to focus due to distracting social media notifications. However, despite this challenge, I was able to meet several important deadlines that required my full attention, which allowed me to feel accomplished and fulfilled during the remainder of the day.",17.13,0.98,0.64,0.69,0.72
"Yesterday was a challenging but productive day for me. After completing my morning routine of meditation, yoga, and stretching, I started working on projects that required intense focus.",20.64,1.0,0.7,0.39,0.78
"Dear Reflective Journal,  Today has been a typical day at my usual routine of working through various responsibilities that usually take up the majority of my time. However, there were some moments where things didn't go according to plan, but I managed to maintain balance by taking breaks, eating nutritious meals, and staying focused throughout the process.",32.11,0.98,0.08,0.81,0.42
"During today's short workday, my body felt calm and in control after a productive morning filled with routine tasks that allowed me to get back on track after taking some time away from my desk due to family obligations. As I sat down at my desk, I began to eat a nutritious breakfast of whole grain cereal, Greek yogurt, and fresh fruit.",42.48,0.85,0.42,0.45,0.63
"Personal Reflection: Today I had a well-rounded breakfast that included a variety of whole grains, leafy greens, protein sources like eggs and nuts, along with some fruits. I got up early (around 7 am) and started my morning routine of meditation, yoga, and walking around outside.",42.11,0.64,0.47,0.05,0.64
"Dear Self,  Yesterday was one of those days where everything felt off-kilter. It started with me getting up early to complete some errands before heading straight to work.",49.66,0.5,0.1,0.22,0.4
"During my short daily routine today, I struggled to focus at times due to the overwhelming workload that came my way. However, despite the challenges of completing multiple tasks simultaneously, I managed to maintain balance by prioritizing my healthy eating habits and working from home rather than traveling.",48.9,0.7,0.19,0.53,0.57
"Yesterday, despite having little sleep, I started my morning routine by getting dressed and showering before heading out for the day. As usual, I took care of some essential tasks such as checking emails and social media, followed by a heart-healthy breakfast consisting of whole grains, fruits, and lean proteins.",8.93,1.0,0.62,0.56,0.81
"Yesterday, while working at my regular job, I had an average-to-consistent output of tasks that required attention to detail. However, I did not make time for myself outside of work to recharge and de-stress, leaving me feeling anxious and unmotivated throughout the day.",10.96,0.22,-0.32,0.6,0.31
"Yesterday, despite feeling exhausted after a gruelling workday, I managed to get through it without falling into deep slumber or succumbing to self-pity. Instead, I focused on getting some much needed rest by closing up shop early, sipping on chamomile tea while watching Netflix until bedtime.",20.04,0.5,-0.43,0.51,0.19
"Yesterday was an average day filled with productive work hours. Despite feeling a bit stressed during the morning due to tight deadlines, I managed to complete most tasks on time and stay focused throughout my shift.",22.05,0.49,0.46,0.12,0.72
"Today, despite feeling slightly unwell this morning due to an allergy flare-up, I woke up feeling energized and ready to tackle my day. My eyes were heavy, but thankfully, they didn’t bother me much throughout the rest of the morning.",20.83,0.83,0.32,0.65,0.63
"Today, despite feeling exhausted after a long day of work and a busy schedule, I managed to accomplish everything on my list without any major setbacks. Instead of dwelling on my exhaustion, I took advantage of the opportunity to spend time with loved ones, go for a short walk around the neighborhood, practice some yoga postures, and enjoy a hearty breakfast that included whole grains, protein sources, and plenty of fresh fruits and vegetables.",28.06,1.0,0.52,0.47,0.65
"Yesterday's Day Was Typical [Journal Entry]  Fortunately, my day didn't go as planned. As usual, it started late due to various commitments outside of my control.",33.18,0.99,0.05,0.71,0.28
"[Insert your name] woke up feeling exhausted after a long night last night, so I decided to take it easy this morning. Despite the challenges that came my way throughout the day, I managed to stay focused on completing some important tasks while also being mindful about my nutrition choices.",28.14,0.45,0.26,0.19,0.55
"Yesterday, I managed to accomplish all my daily tasks without feeling overwhelmed or exhausted. I ate a well-balanced breakfast that included whole grains, protein sources like lean chicken breast, and fruits such as berries and bananas.",37.16,0.72,0.32,0.58,0.7
"Personal Reflection Yesterday, I woke up feeling exhausted after a long night of working. My mind felt cluttered with to-do lists and deadlines, leaving me feeling unfulfilled and drained.",35.68,0.96,0.3,0.62,0.63
"Sitting at my desk today, feeling rested and alert after an uneventful morning routine of eating breakfast and checking email notifications from various apps, I found myself taking deep breaths to calm any nerves that may have been present beforehand. As I settled into my comfortable chair, I began to reflect on the past few hours of productivity spent working remotely during a virtual team meeting.",20.25,0.83,0.16,0.75,0.45
"Late morning light shone over my kitchen window, casting soft warm hues onto the wooden floorboards. My eyes wandered towards the fridge, where fresh fruit salad awaited.",27.75,0.97,0.28,0.62,0.59
"Working Long Day Today  I woke up to find myself sinking into an early morning slumber, feeling somewhat disorientated by my subconscious mind's efforts to keep me up all night. Despite this minor setback, I managed to maintain focus throughout my entire shift without any distractions or interruptions.",33.13,0.85,-0.07,0.7,0.42
"Yesterday, despite feeling exhausted after a long weekend of traveling and partying, I found myself working efficiently throughout the entirety of my shift at work without any interruptions or distractions. It felt like I had finally achieved some level of balance between work and leisure time that is essential for maintaining my overall well-being.",33.32,0.81,0.54,0.37,0.77
"[Insert date here]  Dear self,  Yesterday, I spent the majority of my time working diligently towards achieving my daily to-do list. While it may have felt exhausting at times, I had ample opportunities to step away from screens and focus on other aspects of life that needed attention.",47.98,0.73,-0.1,0.5,0.36
"Today was a relatively uneventful day that started out slowly before gradually speeding up towards its end. Despite being tired from my usual morning routine of working, I managed to accomplish some key tasks throughout the day without feeling overwhelmed by my workload.",59.14,0.55,-0.16,0.4,0.3
"Hey, today has been quite busy but overall, it's been an average day that's helped me maintain some semblance of balance and focus on my daily routine. While eating a nutritious breakfast (mostly green smoothie), I got some much-needed exercise during my lunch break at the office.",62.62,0.81,0.44,0.25,0.7
"Today was a typical working day for me, where I managed to stay focused on my work, completed several tasks without any distractions, and felt mentally and physically rested after a well-rested night's sleep. However, due to an unforeseen event that caused some stress, I ended up feeling overwhelmed at times, but ultimately managed to manage it effectively by taking regular breaks and prioritizing self-care activities like exercising and meditation.",56.96,1.0,0.71,0.28,0.85
"Today, I felt exhausted after completing my workday routine. However, despite feeling fatigued, I managed to complete tasks efficiently without experiencing any disruptions in focus.",71.77,0.51,0.15,0.04,0.25
"Today was an uneventful but fulfilling workday for me. After a productive morning routine that included making sure all my daily tasks were completed before starting my shift, I arrived at work early and got right down to business.",75.89,0.96,0.42,0.31,0.55
"Hey there! Today has been a tiring one, mainly because of the lack of restful hours during the night. However, despite that exhaustion, I have managed to stay productive throughout the day by sticking to a healthier breakfast routine and focusing more on completing my tasks rather than procrastinating.",18.98,0.37,-0.02,0.39,0.31
Mindfulness meditation session  Journal Entry for Self-Assessment: Spent time focusing on mindful breathing and body scan to calm myself down after a tough week of working long hours. Got some restorative yoga poses underway to ease any lingering stress from the previous days.,14.84,0.93,0.46,0.5,0.76
"In today's typical routine, I woke early enough to enjoy my morning cup of coffee while scrolling through social media before finally getting out of bed at around 7 AM. The rest of the day was filled with healthy eating habits that included plenty of fruits, vegetables, whole grains, lean proteins, and healthy fats - all delivered through various smoothie bowls and salads throughout the day.",26.29,0.97,0.33,0.8,0.69
"This morning, I woke up feeling tired but managed to get out of bed without any trouble. As soon as my feet hit the floor, I knew that it would be another busy yet fulfilling day at work.",20.52,0.99,0.75,0.61,0.89
"Sure, here is your updated two-sentence reflection:  Today has been a challenging one for me due to a hectic schedule that left me feeling drained and exhausted by mid-afternoon. However, despite this, I have managed to stay focused on tasks and maintain some level of energy throughout the day.",25.45,0.54,0.38,0.07,0.57
"In a peaceful morning light, The world slowly awakens around me, Each moment's passing like a gentle breeze, Leaving behind traces of yesterday's stress. Even amidst my busy schedule, Balancing healthy meals seems effortless, Sleeping well helps keep me grounded, Maintaining regular routines leaves me feeling refreshed.",20.97,0.79,0.56,0.24,0.75
"Workday today felt like an average one - I had some errands to run, completed a few projects, but overall, it wasn't my best yet. Despite feeling a little stressed out at times, I managed to stay focused on completing my daily goals.",28.07,0.57,-0.01,0.62,0.44
"Dear [Private Journal],  Hey there! Today has been a really hectic one so far. But that's okay because it gives me time to reflect on how much progress I have made lately.",37.99,0.43,0.11,0.45,0.47
"Monday morning, after waking up feeling fresh and energetic, my body responded to my usual routine of exercise and eating healthy breakfast. As soon as I stepped out of bed, I felt calm and centered, which continued throughout the entirety of the day.",43.76,0.92,0.12,0.69,0.56
"Yesterday I woke up feeling unmotivated yet determined to make it through another long working day. As soon as my alarm rang, I knew I had a busy day ahead of me.",48.01,0.89,0.4,0.41,0.64
"Dear friend,  Today was one of those days where everything felt just fine! After waking up early, I decided to take some deep breaths and stretch out before starting my morning routine. As soon as I finished getting ready, I made myself a healthy breakfast consisting of spinach oatmeal and homemade granola bars.",17.04,0.35,-0.09,0.47,0.41
"Dear Journal Entry,  Today started out great, feeling energized and excited to tackle whatever comes next. However, after a few hours of working on various projects, I began experiencing physical fatigue.",20.57,0.42,0.21,0.42,0.55
"Me today: Got up early but still had some time before work started, so decided to take advantage of it by going for a quick jog around my neighborhood. Felt great throughout the morning, clear headed and focused, ready for whatever came next.",15.94,1.0,0.89,0.42,0.93
"Today I had to face one of my longest and toughest days yet. I started working at 7 am, taking up several hours of research, brainstorming and meeting notes before even getting out of bed.",34.11,0.79,-0.03,0.47,0.11
"Short day today but managed to check off all my tasks without feeling overwhelmed. Focus and productivity were key, and I made sure to take breaks when needed to recharge.",35.14,0.96,0.64,0.34,0.74
"This morning, I woke up feeling lethargic and tired after having a busy night last night. However, I decided to make an effort to eat a balanced breakfast consisting of whole grains, protein, and healthy fats.",39.95,0.81,0.04,0.72,0.5
"Working Typical Day - Reflective Journal Entry  Today has been a busy yet productive one at my desk. As soon as I woke up this morning, my mind immediately started to spin with ideas.",59.99,0.66,-0.09,0.43,0.35
"I woke up to an otherwise uneventful routine that day, feeling content but slightly unsettled by the thought of another full work week ahead. With my usual morning routines consisting of a quick shower, breakfast, and some light exercise, this wasn't much different than any other Tuesday.",60.37,0.88,-0.01,0.61,0.35
"To my partner, today has been an incredibly peaceful, restorative and energizing experience. After feeling overwhelmed by the demands of work and life, this morning felt like just what the doctor ordered.",67.12,1.0,0.66,0.29,0.86
"Late morning today, as usual, I woke up feeling exhausted but motivated to tackle another busy day. I took some time to meditate before starting my workday, focusing on mindful breathing exercises to stay grounded amidst the chaos.",71.06,1.0,0.41,0.53,0.63
"Yesterday, as I walked through my small town's main street, I realized how much it has changed since I last visited over five years ago. The scenery looked familiar yet different at the same time, reminding me of memories that still hold so dearly to me.",7.11,1.0,0.75,0.55,0.88
"Yesterday, despite an exhausting morning shift at the office, I managed to maintain some semblance of productivity throughout the day. While I didn't have much time for leisure activities due to tight deadlines, I made sure to stay hydrated by sipping on water frequently during breaks and snacked on fruit and nuts instead of candy.",22.5,0.66,-0.26,0.56,0.19
"Today has been an exceptional day! After spending a lazy morning at home, I decided to get my daily workout routine started early this time around. As soon as I stepped out into the sunlight, my body immediately felt refreshed and energized.",23.74,0.43,0.36,0.3,0.55
"Today was a typical working day where I felt calm and in control despite moving around some and having occasional moments of rest. As usual, my morning routine involved checking emails, finishing up administrative tasks before starting to work on projects.",25.18,0.8,0.18,0.71,0.6
(Monday) Worked short day today. It felt good to be able to focus on my job without feeling overwhelmed by other tasks at home.,35.63,0.35,0.15,0.18,0.41
"Short Day Today I woke up feeling rested and energized after getting enough sleep last night. As I made my morning routine checklist, I found myself satisfied with every task accomplished so far today.",34.94,0.74,0.31,0.4,0.7
"Me: Today has been another challenging yet fulfilling day. While it started out rough with a little sleeplessness, I managed to maintain a productive schedule throughout.",49.85,0.82,0.17,0.55,0.45
"Sure! Here's your 2-sentence personal reflection today:  After waking up to the familiar sound of my alarm clock ringing at 6am, I felt a sense of excitement and anticipation about what lay ahead - an exhausting but rewarding workday that had been well-planned out by my colleagues. As I got dressed and made my way into the office, I could feel a feeling of renewed energy coursing through my veins.",61.89,0.77,-0.01,0.39,0.33
"This morning, despite feeling tired after an early night, I woke up at my usual time (early) and made myself a hot cup of coffee before heading out for a quick walk around the neighborhood. As I took the stairs rather than elevators again this morning, I felt grateful for being able to move around without having to rely on public transportation.",64.18,0.93,0.71,0.16,0.78
"Inspired by today's uneventful morning routine, my mind is feeling a bit weighed down by my usual exhaustion and lack of focus lately. However, despite this, there's one small silver lining - the occasional burst of energy that comes from getting out of bed, stretching, and putting on some motivational music.",63.25,0.86,0.47,0.23,0.74
"During my short but busy working day today, it felt like an eternity to sit at my desk staring blankly into space while waiting for my coworkers to finish their meetings. However, despite the lack of productivity and energy, I managed to accomplish just enough tasks that kept my mind occupied throughout the morning.",22.2,0.16,-0.42,0.36,0.09
"This morning, while working for hours straight at my desk, my body felt tired yet full of energy. As I began to eat my daily balance meal, I savored each bite, taking in the flavors and textures that tickled my taste buds.",26.41,0.6,-0.16,0.63,0.26
"Morning, I managed to get some solid work done today despite feeling tired from yesterday's busy schedule. It's been a tough week, so it feels good to finally catch up on my responsibilities.",29.34,0.33,-0.24,0.59,0.26
"Sitting in front of my computer screen, surrounded by distractions like social media notifications and emails cluttering up my inbox, I felt weighed down with stress that had been building over several days leading to this moment. But today, despite feeling exhausted from the previous hours spent at work, I decided to take a break and give myself permission to rest my mind and body.",36.87,0.92,0.06,0.65,0.53
"In the early morning hours, my body groaned underneath my heavy blankets, signaling that it needed to rest before moving on to an energetic yet mindful workday. As soon as I stumbled out of bed, I grabbed some fresh fruit from my fridge while sipping on water from my glass, all while listening intently to birds chirping outside my window.",39.41,0.37,0.11,0.19,0.52
"Today, despite feeling tired and sore from yesterday's long-distance run, I decided to take a shorter day off. As expected, it was busy with multiple projects and deadlines looming on my plate.",43.32,0.41,0.14,0.29,0.44
"In today's routine, I focused my energy and concentration towards completing various tasks while maintaining a peaceful mindset. However, amidst this busy schedule, I felt restless at times due to the absence of significant downtime.",47.47,0.78,0.19,0.48,0.57
"Saved my energy by taking a leisurely breakfast, including whole grains, fruit, and nuts. Fell back into bed at a comfortable hour without any distractions, woke feeling refreshed and ready for a productive day ahead.",46.69,1.0,0.59,0.39,0.77
"Personal Reflection (Today's Day) Sitting in front of my laptop this morning felt like an odd transition from yesterday's hectic schedule, where everything felt chaotic. It was different to be able to focus on one task at a time instead of constantly jumping back and forth between tasks.",50.24,0.63,0.23,-0.06,0.64
"Yesterday, after an uneventful morning at work, I decided to take advantage of my quiet afternoon and indulge in some delicious homemade pasta dishes. After a few hours of relaxation, I finally felt refreshed enough to tackle another full day's worth of responsibilities.",49.6,0.5,0.28,0.14,0.63
"Sitting in front of my computer, scrolling mindlessly through social media feeds while waiting to hear from my colleagues regarding upcoming projects. As I stare blankly into my screen, I realize that I am feeling exhausted and drained, despite taking enough breaks throughout the day.",15.45,0.64,-0.2,0.83,0.41
Early morning commute to office completed without any hiccups. It had been a hectic weekend that left me feeling exhausted and stressed out.,15.68,1.0,0.6,0.59,0.82
"As I opened my eyes this morning, the sun shining brightly outside seemed to greet me with open arms. The sound of birds chirping echoed through the house, signaling that it was time to wake up and get started on yet another productive day at the office.",28.55,0.54,0.24,0.39,0.45
"Reflecting on my successful morning routine this past weekday, it dawned upon me that after a well-rested night’s rest, I felt more energized than usual. The sun had just peeked through the clouds when I got out of bed, taking a quick glance at the clock to see that it was still early afternoon - a typical time of day during which I typically head straight into my workout.",33.88,0.46,0.41,0.23,0.54
Took my time throughout the day Spent ample time working towards priorities Reflected on key achievements and areas of improvement Made sure to take breaks and refreshment when needed Reminded myself of what's important and put it into action Felt energized and focused at the end of a long day Feeling grateful for everything that happened today. Sticking to this routine helps maintain a positive mindset and avoid burnout.,39.13,1.0,0.54,0.56,0.72
"Me: Today's workday felt long and exhausting but overall satisfying. Despite feeling overwhelmed at times, I made it through without any major setbacks.",43.01,1.0,0.65,0.45,0.81
"Working Short Day Today, I got up regularly, made sure to get some exercise while walking or hitting the gym for about an hour before starting work. My mind felt calmer and more focused than usual due to getting enough restful sleep last night.",45.66,1.0,0.61,0.31,0.81
"I sat down to work today after a productive but tiring weekend. It had been hectic, but despite feeling exhausted by mid-afternoon, I persevered through the remainder of the day with renewed vigor.",45.68,1.0,0.58,0.39,0.64
"Dear self,  Today has been a whirlwind of activities, mostly centered around work. I feel physically exhausted, mentally motivated to complete my tasks efficiently.",52.15,0.7,0.21,0.32,0.66
"Reflecting upon today's experience, it felt like my body had just gone through a thorough cleanse after several restful hours of sleep. As I stepped out into the sunshine, I felt energized and ready to tackle whatever challenges lay ahead.",52.69,0.49,0.25,0.31,0.59
"Late afternoon found me sitting at my desk, working through emails, spreadsheets and other routine tasks. However, there were some specific items that needed to be completed today - one of which required research and investigation into a potential business opportunity.",24.68,0.62,-0.03,0.72,0.45
"Yesterday, my day started out long and tedious, but then everything began to make sense. After an uncharacteristically uneventful morning, I woke up feeling alert and energized despite the lingering fog that had settled over our city this week.",24.12,0.43,0.28,0.46,0.58
"(Gracefully) Today has been an exhausting day for me. As I sat down to work for an entire stretch, my eyes felt heavy on account of the late-night shift at work.",44.09,0.23,-0.42,0.17,0.14
"Today felt like a perfect balance between getting enough restful sleep and staying productive throughout my usual morning routine. After an uninterrupted eight hours of shut-eye, I made sure to move around some while still maintaining focus on the task at hand.",53.78,0.99,0.22,0.59,0.41
"Working short hours today Feeling refreshed after a long weekend away Balancing eating healthily at home, but also indulging occasionally Getting plenty of restful sleep that helped me focus during my busy schedule Refreshingly feeling energized throughout the day without any distractions or interruptions Mindfully checking off all my important tasks before moving on to other things.",52.46,0.99,0.61,0.39,0.77
"Early morning, tired yet excited to get started. My mind is buzzing with ideas as I open up my laptop to begin working on projects that will help make a difference.",64.17,0.92,0.19,0.57,0.64
"Yesterday was an average day at work, where I had to complete my daily tasks efficiently while maintaining good time management skills. The task list kept me busy throughout the morning, but I managed to check them all without getting too stressed.",71.46,0.92,0.32,0.55,0.64
"Starting your regular morning routine today, feeling grateful for another day filled with balance and wellness. Balanced meal of oatmeal with fresh fruit and almond milk, followed by an early morning run around my neighborhood.",80.23,0.99,0.4,0.57,0.66
"Dear Diary,  Today has been another average day where I moved around a little bit here and there, but overall, it felt more manageable than yesterday's chaos. However, I had to be careful not to overdo it because the sun is setting earlier and it's getting darker by the hour.",89.25,0.73,0.23,0.14,0.54
"Today I woke up feeling rested and ready to tackle another long day at work. Despite feeling slightly anxious about what lay ahead, I made sure to prioritize my morning routine and get moving before heading into the office.",94.95,0.23,-0.0,-0.07,0.5
"Monday morning began with my eyes burning like acid in the dim light of early dawn. My back ached from sitting at a desk all afternoon, and my mind felt foggy after a late night of partying last night.",26.39,0.43,-0.16,0.54,0.3
"Today, despite feeling exhausted from working long hours, I managed to strike a balance between completing assignments while also taking care of myself by eating a healthy breakfast, focusing on productive tasks throughout the day, checking off some important tasks, having adequate sleep (about 7-8 hrs), feeling motivated to get back into exercise after a brief break during lunch time. It's been a challenging week, but I am proud of how I have handled it so far.",26.63,1.0,0.6,0.35,0.79
"Meetings at work were unproductive today due to lack of planning. However, during breaks, I had some great conversations with colleagues that helped me recharge my mind and renewed my focus on tasks ahead.",25.52,0.67,0.35,0.28,0.63
"Me this morning, feeling rested after a long day at work. While still focused on important tasks, it felt good to switch gears and take some time for myself today.",32.66,0.59,0.07,0.33,0.53
"This morning, I woke up feeling exhausted after working overtime last night. However, despite that, I managed to get through my daily routine without too much trouble.",49.26,0.58,-0.17,0.49,0.19
"Yesterday I spent a productive yet restful afternoon completing some long-overdue household chores while simultaneously preparing healthy meals that catered to both my physical and emotional needs. As I sat down to write this reflection, my mind was clear of any stressors that may have contributed to my exhaustion and motivation levels.",47.69,1.0,0.58,0.32,0.77
"Early in the morning, I woke up to my usual routine of having an adequately-balanced breakfast consisting of fruits and whole grains (mostly oats). After that, I started working from home, where I mainly focused on my daily tasks without any distractions.",67.85,0.83,0.08,0.34,0.27
"This morning, I had an average day filled with healthy eating habits that allowed me to feel calmer and more in control throughout my day. Aside from some minor discomforts, such as eye pain and stiffness, I spent most of the morning moving about slowly but steadily.",67.38,0.59,0.13,0.05,0.6
"Today has been a great start to my new routine of waking up early every morning. After completing some essential household chores, including making myself a cup of tea while watching TV, I headed out to complete several important meetings in the office.",85.55,0.69,-0.12,0.36,0.25
"As I walked into my office this morning, I noticed that the sun had just peeked out from behind the clouds, casting an orange-yellow light over everything around it. The air felt fresh and clean, the smell of coffee wafting towards me.",89.96,1.0,0.45,0.33,0.68
"Yesterday I woke up feeling tired yet refreshed at the same time. As usual, my morning routine began early, which helped to get started off right.",19.27,0.77,0.1,0.63,0.57
"Hey, today I woke up feeling exhausted after having slept long enough to feel refreshed. As soon as I got out of bed, I started working on some routine chores that have been lingering in my schedule for weeks.",18.91,0.71,0.11,0.78,0.45
"[Your Name] Today, despite moving around throughout the morning, I managed to get a solid amount of work done in the afternoon. Although it wasn't quite what I had hoped for due to some unforeseen circumstances earlier on, I still felt satisfied by completing most of my tasks without much fuss.",24.84,0.69,0.21,0.29,0.65
"In today's regular routine, I woke up early and felt refreshed after my long sleep. After a quick breakfast, I made sure to stay focused at work, checking all necessary tasks done without distractions.",23.95,0.46,0.31,0.49,0.62
"Sure! Today, despite having a decent amount of rest throughout the night, I still found myself exhausted by midday. The morning brought about several challenges that tested my resolve, but I managed to push past them all, thanks to some good old-fashioned self-care practices.",30.5,0.91,0.55,0.47,0.64
"Dear [Recipient],  Work today wasn't your best day. Despite feeling exhausted after an early morning meeting, you spent the rest of the afternoon moving around various projects at home and office.",33.18,0.66,0.22,0.56,0.62
"Today has been a very productive one. After a restful night's sleep, I woke up refreshed to tackle a variety of projects throughout the morning.",35.87,0.44,0.15,0.43,0.57
"In today's routine, I felt exhausted by early morning commute to office, yet managed to focus on work without any distractions. As I settled into my seat, my mind turned towards other things that needed attention.",44.82,0.55,-0.16,0.5,0.45
"Today was an exceptional day! After several hours of restful slumber, my body felt refreshed and ready to tackle whatever challenges lay ahead. I woke early this morning feeling energized and eager to get started on my tasks list.",47.12,0.75,0.35,0.44,0.63
"Sitting at my desk all morning, trying to concentrate amidst my usual chaos of deadlines, meetings, and emails. My eyes feel sore from staring into screens for too many hours, while my back aches from sitting in one position for too long.",59.22,0.64,-0.04,0.35,0.18
"Sweet dreams tonight! As I drifted off into unconsciousness last night, my mind wandered away from any worries of tomorrow. Instead, I found myself reflecting back on today's accomplishments while focusing on what could be done differently tomorrow.",13.75,0.77,0.51,0.49,0.73
Personal Reflection: A morning of eating nutritious meals and focusing on work without feeling stressed or overwhelmed. Feeling at peace despite moving around some and taking breaks to recharge during the day.,22.53,0.8,0.29,0.4,0.53
"I woke up early today to an overwhelming sense of anticipation for my workday ahead. It wasn't until just after breakfast that things began to feel normal - productive, even.",29.21,0.81,-0.01,0.62,0.53
"During my recent short-day schedule, I felt a sense of calmness that allowed me to be focused and productive throughout the day. After waking up early, I got ready for work without any distractions, which helped me focus on completing all necessary tasks before heading out for the office.",28.2,1.0,0.51,0.32,0.78
"Today has been an average working day that started at a decent time. While getting ready to head into the office, I realized how much my routine had changed since last week's shift.",37.44,0.79,0.02,0.63,0.52
"Today was an ordinary day filled with routine activities that left little time to reflect. However, amidst my busy schedule, I took a moment to take in my surroundings and appreciate the beauty of nature.",50.05,0.44,-0.32,0.55,0.22
"Late afternoon found myself feeling a little low on energy and motivation this week, which made it difficult to focus on my tasks at hand. However, despite these setbacks, I managed to complete several important projects within my current position while also setting some ambitious goals for the upcoming weeks.",58.85,0.52,0.17,0.18,0.46
"Working Long Day Today Physical sensation - My eyes were heavy, causing some blurred vision throughout my entire shift today. However, feeling refreshed after restful hours of sleep allowed me to focus and accomplish more than usual.",68.03,0.84,0.16,0.49,0.47
"Today has been another average day at work where my daily routine includes sitting in front of the computer, staring blankly at screens for hours on end without any breaks to refresh myself mentally. However, despite this lackluster start to the morning, I have managed to strike a decent balance between working and resting.",87.57,0.49,-0.35,0.11,0.11
"Reflecting on today's workday, I found myself feeling rested and recharged after an excellent night's sleep. I got up at my usual time (around 7 am), made some healthy breakfast choices like whole grain oatmeal and fresh fruit, walked around my neighborhood a few times during the morning rush hour before heading back home for a full-body workout routine that included cardio, strength training, and stretching exercises.",81.62,0.98,0.68,0.08,0.9
"During today's short working day, it was a typical experience that left me feeling stressed and anxious. Despite my best efforts to maintain balance throughout the day, there were moments where I found myself constantly on edge due to an overwhelming amount of tasks and responsibilities.",10.57,0.32,0.26,0.11,0.6
"Reflecting on today's routine, my body felt refreshed after a long weekend spent relaxing at home with loved ones. As usual, I woke up early enough to hit the snooze button one more time before getting ready to head out into the world.",12.34,1.0,0.45,0.86,0.77
Today has been an eventful one - not too much chaos since my morning routine started out just as usual. I woke up to some red blotches on my left eyelid that had formed into small dots overnight.,11.75,0.91,0.13,0.95,0.5
"After a long and stressful day at work, I found myself working on some important assignments while also managing my time effectively. My mind felt clear and focused, and my body had already started to relax.",21.99,0.88,-0.04,0.71,0.35
"Yesterday, I started my day feeling restless and uncomfortable due to an early morning meeting that left me feeling drained and unmotivated. However, after taking some deep breaths and reflecting on what I could do differently to combat this energy crutch, I decided to take it one step at a time by spending quality time with loved ones, exercising, meditating, and reading books that would inspire and uplift my spirit.",28.06,0.67,0.11,0.63,0.43
"Sitting in my seat at the office desk today felt like an endless slog, yet somehow manageable because of the steady stream of emails piling up from all directions. After some thoughtful introspection, it dawned on me that despite this seemingly unproductive task at hand, there were still plenty of opportunities to learn and grow within the industry.",33.2,0.5,-0.24,0.48,0.29
"Working long hours today. My body is tired after the early morning shift, my mind restless from trying to keep up with deadlines.",37.49,0.62,-0.16,0.57,0.19
"During my busy workday today, I managed to complete several important tasks while still taking care of myself. However, due to distractions and unforeseen events, it's safe to say that I wasn't quite at my best.",49.53,0.83,-0.01,0.43,0.26
"This morning, I woke up feeling restless and disorientated by an unexpected storm that had hit town earlier during the evening hours. As I got ready to head out on my daily commute, I felt a sudden surge of energy coursing through my veins despite being exhausted after a long weekend spent away from home.",52.81,0.43,0.22,0.26,0.58
"Today has been a challenging yet fulfilling one! Despite being exhausted from a long shift at work, I managed to get all my tasks completed without any hiccups. My mind felt clear and focused after taking some deep breaths before starting my day.",63.46,0.77,-0.05,0.42,0.42
"Today, I woke up early enough to get out of bed and go for a quick morning run before my long commute to work. The sun had just risen above the horizon when I left my apartment, feeling energized and refreshed from the effort.",11.87,0.99,0.7,0.35,0.83
"Worked long day today Settled in early but found myself working late due to unforeseen circumstances outside of my control (unplanned meetings). However, despite this challenge, I managed to complete multiple essential tasks that required my attention without feeling overwhelmed by deadlines.",26.64,0.16,-0.51,0.41,0.1
"Hello, dear friend! Today, while working from home (for those of us lucky enough to have this option), I found myself feeling exhausted by the end of each day. However, despite this exhaustion, I managed to complete several important tasks and move ahead with work without feeling overwhelmed or stressed.",43.1,0.58,0.18,0.32,0.38
"Moving around quite a bit today due to unforeseen circumstances that resulted in us moving around a little more than usual; however, we managed to stay focused on our priorities despite some minor inconveniences along the way. Apart from eating healthy and balanced meals throughout the day, we made sure to rest after completing each task we had set out to accomplish.",59.99,0.88,-0.12,0.46,0.23
"Yesterday was a long and exhausting workday where my energy levels were low but I tried to stay focused on completing tasks ahead of schedule and managed to meet deadlines without much stress. However, after a well-deserved break this morning, it felt like an entirely new day had started when I woke up naturally at around 7 AM, walked outdoors to stretch, had breakfast consisting mainly of fruit and yogurt, and then proceeded to tackle all the unfinished items that I couldn't do during my brief lunchtime break due to feeling tired and overwhelmed by my job responsibilities.",59.27,1.0,0.88,0.21,0.81
"I woke up feeling exhausted after a long night of working late into the wee hours of the morning. My body felt sluggish, and even though I had taken several deep breaths before bed, my mind felt cluttered and overwhelmed by the amount of work ahead of me today.",76.57,0.96,0.12,0.42,0.43
"Today was a long day of working, but it wasn't all bad. Despite the busy schedule and tight deadlines, I managed to eat a well-balanced breakfast that included whole grains, fruits, and yogurt.",85.08,0.84,-0.04,0.38,0.3
"Today has been an average yet productive day. After waking up early (6 am), I made my daily breakfast consisting of oatmeal and fruit, which gave me a great start to the morning.",93.93,0.97,0.33,0.43,0.57
"Getting Up Typically | My body ached from an overnight sweat session that left my muscles sore, but I persevered nonetheless. As I rose out of bed, my eye-tracking devices indicated that my eyes were already starting to feel tired.",102.78,1.0,0.35,0.42,0.51
"This morning, I woke up feeling refreshed after an eventful night's sleep. Despite my hectic schedule, I managed to complete several tasks on time without breaking a sweat.",106.94,0.44,0.3,-0.12,0.57
"Today, I have been busy working through my daily routine without much break from the previous days' activities. However, despite feeling exhausted after finishing most of my tasks, I managed to complete them efficiently by staying focused throughout the day.",21.51,0.94,0.23,0.83,0.63
"After a long morning of productivity at work, I made it back home to relax and recharge before tackling my daily routine. As always, I took advantage of having plenty of time available during this shortened shift.",24.65,0.75,0.22,0.46,0.62
"Hey there! It's been an incredibly busy day today at my job, but in all honesty, it wasn't too bad overall. After finishing up some high-stress deadlines, I made sure to take breaks throughout the afternoon to stretch, walk outside for fresh air, and even eat a nutritious snack before heading back to work.",38.65,0.68,-0.26,0.5,0.3
"Dear [Name],  Today has been anything but easy. The sun has set on another long day of working from home while I've settled into my cozy bedroom.",42.83,0.56,0.23,0.08,0.57
Today has been an eventful but rewarding day. The sun shone brightly while I got ready for the early morning shift.,50.17,0.78,0.4,0.39,0.72
"Yesterday, despite being tired after a long workday, I managed to complete several important tasks that would have otherwise gone uncompleted had it not been for my energy levels throughout the afternoon. The morning was filled with busy meetings and deadlines but once I finally sat down at my desk, I felt refreshed and ready to tackle whatever challenges lay ahead of me.",48.3,0.99,0.46,0.49,0.78
"This morning, I woke up feeling exhausted after a long week of working regular hours, but managed to keep myself productive by tackling some critical projects that required extensive research and analysis. While still tired, I made sure to prioritize restful breaks throughout the day, taking short walks around the office for fresh air and hydration.",60.49,0.99,0.38,0.57,0.61
"Dear Diary,  Today has been one of those days where the exhaustion that follows an overwhelmingly busy week has taken its toll on me. However, despite this, I have managed to stay focused and motivated throughout the majority of my day.",67.21,0.16,-0.28,0.11,0.2
"Mid-morning today, I managed to complete most of my tasks without much interruption. However, despite my best efforts, there were some moments where I found myself struggling to focus.",85.58,0.73,-0.19,0.24,0.1
"Today has been an average day for me. As usual, it started early with some stressful meetings and deadlines looming over me.",90.09,0.93,0.44,0.26,0.62
"Refreshed after a restful evening, I sat down at my desk early this morning eagerly anticipating another busy yet fulfilling day ahead of me. After all, it had been quite some time since I last felt this sense of accomplishment and focus that comes along with getting off to such an impressive start.",8.43,0.98,0.62,0.49,0.82
"Dear friend,  Today has been a great balance of eating healthy meals, getting enough restful sleep, focusing on my professional commitments, moving around some to stay fresh and focused, feeling calm and in control throughout. It's amazing how one simple habit like this can make all the difference in a productive yet satisfying day.",18.74,0.49,-0.1,0.6,0.36
"Personal Reflection Today I woke up feeling tired, but managed to get out of bed and start my day by staring at my computer screen. It wasn't perfect - I did not complete all of my emails that needed to be sent, nor did I accomplish anything productive during this short working day.",22.72,0.91,0.41,0.44,0.64
Hey there! Today wasn't my best day. It was actually quite average - I woke up feeling hungry but didn't really have time to eat until after breakfast.,29.73,0.98,0.23,0.84,0.47
"Dear [Recipient's Name],  Today was an average day, both physically and mentally. It started off quite early at 9 am when I woke up to a little sunshine peeking over the horizon outside my window.",32.15,0.04,-0.03,-0.06,0.46
"Today began uneventfully for me - my body felt heavy after a long day of working at my desk. However, as soon as I stepped outside, everything changed.",38.44,0.49,0.15,0.54,0.44
"Working in the morning, feeling refreshed yet still productive due to my consistent morning routine that includes eating a well-balanced breakfast, regular walks throughout the week, and focusing on work without stressing out too much during times when deadlines loom. Today, I woke up early enough to get some fresh air and sunlight while also taking care of household chores before tackling the tasks at hand.",37.23,0.95,0.52,0.43,0.76
"Yesterday I woke up feeling rested and energized after a productive morning at work. As soon as my alarm went off, I got ready to head out into the city, enjoying a full plate of healthy breakfast items that consisted mainly of fruits, vegetables, and whole grains.",45.37,0.71,-0.0,0.54,0.47
"This morning, my body was ready to face yet another hectic workweek. However, despite having adequately rested overnight, I found myself struggling to concentrate during the early hours of the day due to discomfort from an unfamiliar migraine.",52.01,0.88,0.4,0.38,0.57
"This morning, feeling overwhelmed by a stack of tasks at home and work, I woke early, stretched my legs, took a few deep breaths, and got ready for an uneventful day. As soon as I opened my eyes, however, I felt my heart rate slowing down.",55.32,0.8,0.39,0.31,0.69
"Today, I managed to finish my day relatively well despite feeling unwell at times. Despite being tired after an exhausting week of traveling between different cities, I focused on my work productively while also taking time out to recharge physically and mentally.",23.26,0.42,-0.03,0.55,0.17
"I awoke to the sound of gentle rain pattering against my windowpane, soothing my mind and soul in its peaceful rhythm. As I stepped out into my morning routine, I noticed that the world looked different - a more vibrant hue of greens and blues, each element carefully placed within its rightful place.",34.31,0.4,-0.16,0.5,0.3
"Yesterday, despite feeling exhausted by mid-afternoon, I managed to focus diligently throughout the rest of the day, accomplishing several important tasks while also keeping up with some hobbies that bring me joy. Despite a lack of energy this morning, I have been consciously making sure to prioritize getting enough restful sleep, eating nutritious breakfast, and exercising mindfully during breaks.",36.29,0.94,0.13,0.79,0.61
"Today was an average workday that started early but thankfully ended on time without any major mishaps or accidents. After spending some quality time with my loved ones, I found myself feeling more relaxed and content than usual.",36.98,0.62,0.17,0.3,0.57
"During today's workday, I felt exhausted but managed to stay on track with most tasks. Apart from that, I took some time to eat balanced meals, mainly healthy options.",40.02,0.49,0.45,0.15,0.72
"Today I managed to fit in some time for myself despite my hectic schedule. As soon as I woke up this morning, I knew that it would be another tough day ahead of me at work.",50.61,0.75,-0.16,0.4,0.29
"Today I woke up feeling fresh and energized despite my usual long nights working from home. Although there wasn't much to do initially due to being sick, I managed to get some basic household tasks done without any major hiccups.",50.1,0.5,0.16,0.2,0.57
"Yesterday, my schedule was full of busy meetings, yet I managed to complete some important tasks that would help me progress in my professional journey. Despite the rush hour traffic and occasional distractions, I found myself mentally prepared for what lay ahead.",55.83,0.67,0.19,0.2,0.5
Today I woke up feeling disorientated due to lack of sleep overnight. The sun rose above my bedroom window but did not shine brightly enough to signal the beginning of another beautiful day.,52.52,0.74,0.64,0.27,0.78
"After another long day spent sitting in front of a computer, I feel exhausted but manageable despite not getting much restorative sleep last night. This morning, I started my day off by indulging in a quick breakfast that included plenty of fresh fruit and nutrient-dense whole grains.",67.31,0.24,-0.44,0.07,-0.03
"Sitting alone at my desk, surrounded by familiar surroundings yet still feeling like an outsider, it's hard to believe that this is just another ordinary morning. Yet amidst all these changes, there lies something deeply comforting - the knowledge that I am capable of handling whatever comes my way.",15.12,0.91,0.13,0.8,0.57
"Today has been another uneventful day wherein I felt exhausted after working short hours while sitting on the couch most of the time. However, despite this, I have managed to accomplish several tasks that required focus and attention, including taking care of household chores and reading through emails from various projects.",16.91,0.22,0.28,0.16,0.59
"Yesterday, I had an uneventful working day where I managed to complete some of my tasks without too much stress. My body felt tired after sitting at my desk for hours, but overall, I stayed focused and maintained a decent work-life balance by prioritizing balanced meals and staying hydrated throughout the day.",30.73,0.44,-0.5,0.47,0.09
"Yesterday, I had to spend an entire day working in my office without any breaks. It was exhausting but necessary, as it allowed me to finish several urgent projects before lunchtime.",44.1,0.2,-0.59,0.33,0.11
"Shortly after getting out of bed this morning, I felt an immediate sense of calmness settle over my body like a warm blanket. My mind immediately cleared as I processed what had happened during the previous hours - a long but productive and enjoyable workday where I tackled some difficult yet rewarding projects.",48.81,1.0,0.6,0.53,0.78
"Yesterday, I woke up feeling anxious and stressed after working a long shift at my job. As I grabbed some breakfast and headed to the office, I found myself checking off most of my daily tasks efficiently.",56.18,0.86,0.0,0.64,0.38
"This morning, I had an average but manageable working day where I managed to complete my tasks efficiently despite feeling somewhat overwhelmed by the constant chatter in my head. However, towards the end of the day, I felt physically exhausted from sitting down too much without any breaks or exercise, which impacted on my overall energy levels throughout the rest of the evening.",74.6,0.16,-0.57,0.18,0.05
"Breakfast: Ate in-between office meetings Lunch: Had lunch at home because we were running late Dinner: Eaten dinner on couch while watching TV with friends Sleep: Slept until 9am due to feeling exhausted from long days at work Motivation: Feel motivated but struggling with consistency since going back to remote work from quarantine Physical Health: Consistent, but not perfect (not exercising) Productive Day? Inconsistent, average Workload: Typical, managing tasks throughout the day without too much stress Stress Level: Average - little bit.",80.52,0.3,-0.34,0.28,0.25
"Yesterday, as I lay in bed restlessly dreaming about my day ahead of me, I woke up feeling refreshed and energized. The sun shining through my window awakened me to a morning filled with possibilities and potential.",92.31,1.0,0.3,0.43,0.6
"After an uneventful morning, I started working at my desk without any breaks. The routine of checking email, finishing assignments, and moving forward felt like second nature now that it's become habitual.",97.46,0.96,0.52,0.41,0.7
"Today, amidst the chaos of my daily routine, there were moments that felt both balanced and focused - a result of taking small steps towards eating a more nutritious breakfast, prioritizing regular physical activity throughout the week, and reflecting on what truly brought joy to my life. I woke early to check-in with myself, feeling rested and refreshed after an adequately restful night's sleep.",12.81,0.69,0.54,0.57,0.71
"Today I managed to get some much-needed rest while still working hard. Despite feeling exhausted at times, I tried my best to stay focused and productive throughout the entirety of my shift.",17.86,0.7,0.01,0.64,0.35
"Dear Diary,  Today has been one of those days where everything felt a little out of whack, from the chaotic feeling that permeates through every aspect of life to the exhaustion that lingers even after finishing all tasks within the given time frame. However, despite the physical discomforts, there have been moments of clarity and positivity interspersed throughout the day.",21.42,0.46,0.12,0.67,0.42
"Yesterday, I woke up to a world that felt new, fresh, and invigoratingly alive. As I rolled out of bed, my body felt light and limber, and I immediately found myself moving without much effort.",26.15,0.43,0.12,0.46,0.44
"Sunrise brought a fresh sense of energy to my day today. After a restful evening at home, I refreshed myself with some yoga poses before getting straight into work.",26.13,0.98,0.24,0.87,0.62
"As soon as I stepped out of bed this morning, I felt refreshed and recharged. My mindset had been taken aback by yet another exhausting weekend that had left me feeling exhausted and disheartened.",28.36,1.0,0.78,0.31,0.89
"Me this morning felt like an all-around winner! I woke up early, had some breakfast (the usual protein smoothie), and immediately got started on my long list of daily tasks. As I wrote down each task, it felt good knowing that I was working towards achieving something positive today.",29.53,0.96,0.39,0.42,0.65
"During my usual morning routine today, I experienced a mix of feelings - some physical sensations that included discomfort in my eyes and lower back muscles. However, as I started focusing on working, I felt energized and excited about tackling whatever task lay ahead.",30.91,1.0,0.31,0.74,0.69
"After an exhausting yet fulfilling day at my desk, it feels like nothing else matters except completing the majority of my daily to-do list without any distractions. The sun is shining brightly outside while I sit comfortably in my chair with a cup of tea by my side, contentedly scrolling through social media during downtime.",38.24,0.5,-0.11,0.41,0.35
"Greetings dear friend! Today has been an eventful one for me. While it may not be the ideal day for everyone, I have managed to accomplish much of what needed to be done throughout my morning routine.",42.73,0.47,-0.16,0.45,0.31
"Yesterday, despite feeling exhausted after a long week of work, I managed to complete all my important tasks efficiently without any issues. A quick lunch break at home allowed me to recharge before tackling another full-day schedule.",9.32,1.0,0.47,0.73,0.72
"Hey there, today has been an average yet productive day! As per usual, I've completed most of my daily tasks without any hiccups. However, during lunch break, I decided to take some time to nourish myself by having a healthier meal consisting mainly of fruits and vegetables.",19.51,0.77,0.03,0.74,0.49
"Yesterday, despite having an unremarkable sleep pattern, I managed to achieve several goals that would have otherwise been difficult without adequate rest. While my daily routine remained relatively standardized throughout the day, I made conscious efforts to eat nutritious and well-balanced meals while also staying hydrated throughout the day.",31.89,0.37,-0.29,0.5,0.23
"Early morning, feeling exhausted yet motivated Started the day by focusing on work tasks, completed them efficiently without distractions Refreshed myself through regular walks, took a break from social media for some much-needed relaxation time Focused on eating healthily, opted for more fruits and vegetables over sugary snacks Made it a point to wake up early enough to get some quality rest, taking breaks during the day when needed Looking forward to spending the afternoon working on unfinished projects before tackling new ones Ending the day with a light dinner of whole grain pasta with.",34.82,0.78,0.38,0.42,0.67
"Yesterday, I woke up feeling refreshed after an excellent night's rest, eagerly groggily making my way out of bed and into the living room for some early morning stretching. As I sat on the couch, taking deep breaths to clear my head, I realized that today had been a relatively successful day overall, although there were a few hiccups along the way.",33.73,0.5,0.33,0.26,0.62
"Dear Ally,  Work today has been quite challenging, but it's not surprising considering how many projects and deadlines have piled up over time. As much as I want to get my head buried under stacks of papers and folders, I can't help feeling grateful that there is still so much to be done before the end of the month.",48.94,0.85,0.02,0.57,0.35
"Hey there, today has been a relatively low-key but productive one. As usual, I woke up early and got myself ready for work without any major hiccups.",51.05,0.95,0.46,0.47,0.75
"Today's journey through life felt uneven at times - the morning routine of eating a well-balanced breakfast without too much sugar and protein being my primary focus. After winding down after a long night of sleep, I got straight into work, completing some of my daily tasks efficiently but feeling rather restless during the remaining hours.",43.62,1.0,0.77,0.4,0.88
"Meetup group leader arrived at office early this morning to organize our team's meeting agenda. Despite my busy schedule, I made it to the gym to get some fresh air before heading back to the conference room.",59.18,0.93,0.34,0.36,0.53
"Today, I woke up feeling energized but my body wasn't quite ready yet. My eyes were sore from staring at screens all night long, so I took some time to stretch before getting out of bed.",61.82,0.98,0.62,0.22,0.71
"Yesterday, I woke up feeling tired and groggy after an uneventful night of restless sleep. Despite my initial discomfort, I found myself able to manage basic household chores without much effort.",16.95,1.0,0.42,0.82,0.7
"Today was an average day at my desk, where I worked on routine tasks while occasionally checking emails and social media notifications. My focus shifted to the office's meeting room when a colleague approached me regarding an upcoming project that would require some collaboration among us.",29.66,0.96,0.26,0.66,0.56
"In today's world where schedules seem to be all over the place, it is easy to get caught up in the daily routine of checking emails, taking calls, meeting deadlines, and working long hours without really getting anything accomplished. However, despite this hectic pace, I managed to accomplish some important tasks throughout the day while also eating healthily and maintaining balance in my daily routines.",43.84,0.9,0.2,0.68,0.47
"Today was an average day. As usual, I woke up to a soundless nighttime, had breakfast quickly, then moved onto my daily routine without much excitement.",54.55,0.42,-0.08,0.34,0.35
"Yesterday's routine was not much different than any other day at this point. However, there were moments when my body felt sluggish throughout the morning hours.",68.15,0.84,-0.13,0.41,0.36
"This morning, I woke up to an unfamiliar smell of fresh coffee brewing in my kitchen. As I made myself some hot cocoa and settled into bed, I couldn't help but feel grateful for this newfound routine that allowed me to prioritize self-care.",77.49,0.97,0.19,0.56,0.57
Me Today: Worked Short Day (+) - Mental Wellbeing Balanced Meal: Veggie Omelette (healthy) + Fresh Fruit + Green Tea (mildly energizing) - Got Away from Stressful Environment: Walked Outside for 45 minutes + Drink Cool Water (calming effect on mind & body) - Productive Hours Achieved: Finished Tasks Quickly + Creatively Planned Next Steps (productive = achievable goals) - Overall Feelings: Relaxed & Content (+)  Journal Entry: Striving towards Healthier.,82.34,0.97,0.42,0.28,0.69
Yesterday I woke up feeling exhausted after a long week of working from home. The sun had just risen over the horizon when I decided to take a brief walk outside before getting back into bed.,96.6,0.73,0.17,0.33,0.38
"Sitting at my desk, feeling refreshed after an eventful yet enjoyable night's rest, I begin to reflect upon today's activities. As I sit down to write this journal entry, I can feel my mind buzzing with thoughts of accomplishments and milestones achieved.",104.35,0.77,0.14,0.43,0.47
"Dear friend,  Sometimes life throws curveballs our way and we feel overwhelmed by it all. Today has been one of those days where I spent much time working instead of taking care of myself.",114.46,0.81,-0.02,0.31,0.38
"Today, after a tiring yet productive workday, I managed to keep myself motivated by focusing solely on completing my daily to-do list without taking breaks or lounging around. Despite feeling exhausted from a long day of studying and working, I had managed to achieve most of my objectives, including finishing two assignments that required extensive research and revisions.",22.68,0.34,-0.4,0.46,0.15
This morning began with my eyes stinging after an all-nighter studying for exams. The rest of my body felt relaxed but tightened around the clock.,21.2,1.0,0.56,0.46,0.8
"Sitting at my desk, mind racing ahead to the next task. Today, I've been able to achieve a fair amount of productivity while also ensuring that I have adequately rested during breaks throughout the day.",27.89,0.55,0.17,0.37,0.5
"[Your Name] Working Short Day Today  Physical Sensations: My eyes hurt, my back hurts, feeling energized this morning (despite not getting much rest). Emotional Honesty: Today was an unconventional yet productive day.",29.45,0.56,0.23,0.32,0.45
"Last night, despite being tired from an overwhelmingly stressful day at work, I managed to keep my focus strong and finish all of my routine tasks without feeling stressed or anxious. Despite checking some items off the list, however, I still felt a sense of accomplishment that gave me energy and motivation throughout the remainder of the day.",27.91,0.97,0.49,0.68,0.76
"Today was a normal working day where I ate a balanced breakfast that consisted of whole grains, fruits, and vegetables, which helped me feel energized throughout the morning. As I started my workday, I focused on completing some important tasks without any distractions to help me stay organized and productive.",40.7,0.83,0.22,0.62,0.57
"Dear Diary,  Today has been a challenging yet fulfilling day. While I spent much of it focused on work-related matters, there were still moments where I felt tired and exhausted by the end of the day.",44.78,0.73,0.08,0.47,0.47
"Yesterday I woke up feeling refreshed after an excellent night's rest. My body felt renewed and energized, which helped me get started on my tasks list without any difficulties.",44.76,1.0,0.55,0.58,0.77
"In just a few short hours, I got up at my usual time (9 am), had some breakfast without any distractions (a quick smoothie with almond milk), exercised for an hour outside, and then did some light reading while enjoying fresh air before heading back inside for more exercise. My mind felt clear and focused after the morning workout, and although it wasn't as productive as yesterday's workday, I was able to tackle several important tasks that were due today, all within reasonable timelines.",49.65,0.91,0.47,0.33,0.65
"During today's busy morning routine, my body felt a combination of exhaustion and mental fatigue. The sound of clinking cups from coworkers made it hard to focus in meetings, while occasional stomach aches prevented me from taking longer breaks.",53.78,0.71,-0.14,0.47,0.27
"This morning, I woke up feeling slightly tired from an uneventful evening at home. As I stretched out my arms, my body felt heavy and sore, reminding me of all the physical activities I have been doing lately.",23.03,0.58,-0.25,0.58,0.29
"Today has been an average day for me, starting off on my usual routine of waking up early to catch some sunlight before heading straight into the office. As I began my day, I quickly felt overwhelmed with tasks at hand that were not part of my initial plan.",24.97,0.58,0.29,0.24,0.63
"Today, I worked a long day to complete multiple important projects that required my full attention and focus. Despite moving around a bit due to changing locations throughout the morning, I managed to balance well-balanced meals, completed most of my daily tasks while maintaining some level of control over my schedule.",34.89,0.6,-0.24,0.47,0.35
"Me Today, I felt exhausted after working a long day. My mind is still reeling from everything that happened yesterday, so it took me longer to get out of bed this morning than usual.",44.46,0.94,0.19,0.47,0.6
"Dear Diary,  I am working today under ideal conditions, and it feels great to be back to normal routine after a long weekend where I didn’t get enough sleep due to unpredictable weather patterns. My energy levels are still high despite feeling somewhat tired from yesterday’s meeting, so I’ve been able to tackle some important tasks efficiently during my morning breaks.",48.0,0.76,0.25,0.34,0.54
"Hey there! Today, after a long weekend, I woke up feeling refreshed and energized despite not getting enough rest last night due to unexpected travels during my break. However, what made today truly great was that I had a well-balanced breakfast consisting mainly of nutritious fruits and veggies while sitting at home most of the time.",60.02,0.49,-0.01,0.23,0.36
"Sitting in my usual chair at work, I managed to complete several routine tasks without much hiccup. However, after taking a few breaks throughout the morning, I quickly realized that this might not be possible all day long.",74.25,0.55,-0.3,0.31,0.29
"This morning, my body felt sluggish due to lack of proper rest during the night. However, despite the discomfort, I started working on some projects that have been pending for months.",81.22,0.78,0.18,0.29,0.54
"Today, I woke up feeling restless and anxious about my busy schedule of meetings and deadlines that loomed ahead. As soon as I sat down at my desk, I realized how much progress had been made during yesterday's productive hours, thanks to a few extra breaks and a relaxing breakfast.",91.0,1.0,0.34,0.55,0.55
"Today I had a long day that started early and ended late, feeling exhausted throughout most of it. However, despite my exhaustion, I still managed to complete several important tasks at work without breaking any deadlines.",97.69,0.51,0.09,0.02,0.56
"I woke up to a routine that felt like it had been playing out every morning. The sun shone through my window, casting an early light over my living room.",24.11,0.93,0.14,0.73,0.59
"Me: Today has been another tiring yet productive working day where my concentration levels have been consistently low due to an inconsistent breakfast routine that leaves me feeling sluggish after each session. Despite this, I've managed to complete several important tasks without any major setbacks.",34.86,0.12,-0.42,0.48,0.13
"Today has been an exhausting but rewarding one where I managed to achieve some of my goals without feeling overwhelmed by the stress that often comes with deadlines. Despite being physically drained after working long hours, my mind remained sharp throughout the day due to the fact that I made sure to eat nutritious and healthy meals throughout the entirety of it.",58.17,0.51,-0.32,0.34,0.25
"After another peaceful night's rest, I woke feeling refreshed yet anxious about my workday ahead. It wasn't long before the morning routine began - a quick shower, breakfast consisting of two scrambled eggs on whole grain toast, coffee, and a few minutes of meditation.",57.58,0.48,0.45,-0.01,0.65
"As usual, today's routine started off like any other day. I woke up to my alarm blaring at me, feeling refreshed after a well-rested night's rest.",69.76,1.0,0.22,0.56,0.62
"This morning, my body felt restless yet alert, invigorated by an early wake-up call at 6 AM. My mind had been cluttered throughout last weekend due to stressful work deadlines but today it seemed clear and focused, allowing me to tackle more tasks without distraction.",62.27,1.0,0.88,0.27,0.9
Lost track of time during my morning routine Feeling overwhelmed from juggling multiple responsibilities at once Finding it difficult to focus on any task when my mind wanders to unrelated thoughts Eating a nutritious breakfast that included protein sources like yogurt and nuts Moving into an office setting after months of working remotely Finishing all necessary assignments before the end of the week Spending quality time with loved ones during the holiday season.,75.62,0.94,0.33,0.44,0.58
"Reflecting on my average day today where I managed to stay consistent with my routine while also getting some much-needed rest. While woken up at the scheduled time (9am), I got ready quickly before heading out into the sunshine.",70.23,1.0,0.94,0.13,0.92
"Breathing deeply into my body, I took stock of today - an average day that began with my eyes feeling tired from lack of sleep. As I settled into my morning routine, however, everything felt right.",73.76,0.68,0.16,0.13,0.56
"Greetings [Name],  The past few hours have been nothing less than fulfilling! After an exhaustive but rewarding overnight shift, my energy levels were on high alert this morning. My average workday consisted of completing some important tasks that required both physical and mental focus.",80.14,0.44,0.44,-0.01,0.61
"Sure, here is an example of a 2-sentence personal reflection today that follows these strict instructions:  Body: I woke up feeling rested and refreshed after a good night's sleep. This morning started off on a high note - breakfast was full of nutrients, fueling my body for the entire day ahead.",4.88,0.58,0.43,0.19,0.69
"Workday today went well, but not without its challenges. After a productive morning, I felt refreshed and focused on my tasks throughout the day.",17.39,0.28,-0.17,0.33,0.38
"Yesterday, I woke early but didn't rush out of bed like usual. As soon as I stepped into my living room, I took a deep breath and noticed that everything felt calmer than it usually does.",23.31,0.92,0.61,0.36,0.81
"This morning, I woke up feeling restless and unsettled, my body protesting against an already busy day ahead. As I got out of bed, I noticed that it felt particularly warm and sticky to my skin.",33.91,1.0,0.18,0.77,0.54
"This morning, feeling weighed down by responsibilities at work, I struggled to focus on my tasks. However, after eating a satisfying breakfast consisting of whole grains, legumes, fruits, and veggies, I felt energized throughout the day.",34.8,1.0,0.5,0.53,0.66
"Yesterday, I worked through a typical routine of waking up early, checking off most of my daily to-do lists while sipping coffee or tea, going for a quick jog/walk around the block after breakfast, eating healthy food throughout the morning (avoiding sugars), feeling refreshed and energized by the afternoon nap, enjoying a full lunch break, focusing on completing work assignments without interruption, finishing the day with some self-care time, including stretching exercises, meditation, and reading, and feeling mentally revitalized before getting back into my routine for another productive evening.",48.12,0.97,0.32,0.62,0.48
Yesterday was an average workday like any other. I started off feeling tired after a long weekend spent catching up on rest and relaxation.,64.16,0.46,0.11,0.25,0.52
"Starting with my usual routine today, which included eating a balanced breakfast consisting of fruit, yogurt, and whole grain toast. Despite being physically active during the morning exercise session at the gym, I still managed to feel refreshed after completing my obligations for the previous evening's workplace projects.",78.98,1.0,0.01,0.56,0.35
"Sitting at my desk, sipping coffee in hand, I glance out the window at a beautiful sunrise that transforms everything into an ethereal light painting. Today has been a typical working day filled with routine activities - eating healthily, taking regular breaks, feeling calm and in control, getting up early, exercising, checking email/phone messages, completing some work-related tasks.",83.05,0.75,0.39,0.39,0.67
"Today, I found myself working on a tight deadline that kept coming back to haunt me. However, despite feeling exhausted after a long day of work, I was able to prioritize self-care activities such as eating nutritious meals, getting adequate sleep, exercising regularly, and maintaining a positive mindset throughout the day.",85.3,1.0,0.65,0.08,0.69
"During my early morning commute, my eyes were stinging from an overnight blur of screens and sunlight. My back ached from sitting in traffic for hours.",21.35,0.43,-0.35,0.5,0.25
"Worked an exhaustive shift today after a lengthy day of completing all necessary tasks at my desk. Though it may seem monotonous to some, it was satisfying to see every task completed without any hiccups.",28.01,0.79,-0.16,0.59,0.16
"Dear Diary,  Today has been another long day of juggling various responsibilities that have kept me busy throughout the morning hours. As I sit here writing this reflective essay, it feels like I just woke up from a deep slumber.",35.37,0.69,-0.1,0.67,0.42
"Today has been a busy yet fulfilling one. After working through most of my to-do list, I took some time out to refresh myself before starting the rest of the day's activities.",39.61,0.51,-0.06,0.57,0.44
"Working in a busy office environment all week long can be taxing, but today felt particularly grueling due to my lack of productivity. I spent most of my time checking emails, running errands, and attending meetings without much focus.",41.66,0.94,0.34,0.57,0.66
"Yesterday was a typical day for me - I woke up to some peaceful surroundings and enjoyed a full breakfast of oatmeal, berries, and sliced avocado. As I started my workday, I realized that this morning felt different than usual - there were fewer distractions, and I found myself feeling more focused and productive than ever before.",49.02,0.45,0.21,0.43,0.46
"After an average workday (9 am - 6 pm), I woke up feeling tired but still had enough energy to get out of bed, make breakfast, and begin my morning routine. As usual, I felt rested after taking a quick shower and getting ready for the day ahead.",49.69,0.92,0.44,0.28,0.7
"This morning, I woke up feeling refreshed after an exhausting night's rest. Despite being tired from my long-distance job, I felt confident enough to tackle whatever projects were waiting for me at the office.",51.46,0.94,0.51,0.32,0.72
"[Your Name]  Today has been a good one. Despite feeling slightly uneasy at my morning wake-up call, I managed to get myself out of bed without any hiccups.",60.68,0.79,0.13,0.42,0.41
"(Morning) Feeling anxious about my to-do list today, but managed to get through it without too much difficulty. Refreshed well enough after a restful sleep that felt like an eternity.",69.3,1.0,0.38,0.49,0.67
"At the beginning of today, my body felt heavy, and my mind was preoccupied by thoughts about work that had been weighing heavily on me all week. As I sat at my desk, I took a few deep breaths to clear my head before moving onto my next task.",22.03,0.93,-0.06,0.82,0.31
"Mid-morning, exhausted but focused Saw my colleague arrive, feeling relieved to have some interaction after an overly demanding morning Started working again, focusing on small tasks until evening when restlessness sets in, leaving behind incomplete work Certain that this will be a productive day despite difficulties, determined not to give up even if exhausted Eaten nutritious meal consisting of healthier choices, enjoying them thoroughly while reflecting positively on the day ahead Finished early work, making it clear to family that there is always another task waiting for completion later today.",41.97,0.46,-0.59,0.32,-0.13
"Mindfulness meditation practice has been helping me stay present amidst constant distractions in my workday today. After taking several deep breaths to clear my mind, I began focusing on my surroundings—the sound of rustling leaves outside my window, the crunch of gravel beneath my feet.",59.71,0.24,-0.59,0.13,-0.02
"Yesterday, after working long hours, I felt drained yet satisfied that I managed to complete all of my necessary tasks while maintaining good productivity levels throughout the week. The key factor was staying focused on my daily goals by setting reminders and taking breaks whenever needed.",63.69,0.81,0.32,0.41,0.57
"Today has been an average day in terms of routine and productivity, with some areas where I could have done better. Despite working from home again, it wasn't too bad considering how much work can be accomplished online.",84.62,0.48,-0.21,0.11,-0.0
"Today I had an average day at work, which involved sitting in front of my computer for most of it. However, I did manage to complete several tasks that were necessary for my job, like sending out emails and filing documents.",91.5,0.45,-0.3,0.28,0.3
"Sitting at my desk this morning, I noticed that the sun had just peeked above the horizon, casting an amber glow over everything. My eyes felt slightly strained from staring at screens all night long, but overall, it felt more restful than usual.",94.62,0.6,0.22,-0.05,0.61
"Today, my body experienced an unfamiliar feeling of discomfort that kept waking me up throughout the night until finally succumbing to exhaustion earlier today. However, despite this minor inconvenience, there were some positives in store as well.",104.67,0.71,-0.13,0.34,0.3
"Me today: Got up at my usual time (5 am) and started my morning routine of taking a warm shower and drinking some green tea. My alarm rang at 6am, and immediately got dressed for an early morning run followed by an hour-long yoga session.",107.98,1.0,0.51,0.34,0.74
"Sure thing! Today I had a shorter working day than usual due to some unexpected commitments that couldn't be avoided at this time. Despite being slightly disrupted from my normal routine, I still managed to complete several important tasks without feeling overwhelmed by the extra stress.",109.99,0.38,0.13,-0.35,0.51
"Today, despite feeling tired after a long night of restless sleep, I felt refreshed, focused, and productive. Avoiding distractions allowed me to concentrate on my current tasks while also enjoying an energizing breakfast consisting of nutrient-rich whole grains and fresh fruit.",14.8,0.97,0.61,0.53,0.85
"During my short but productive day today, I found myself feeling anxious yet focused. My body ached from working long hours at the office, but it felt good to have an achievable goal that left me energized throughout the morning.",13.8,0.83,0.41,0.52,0.71
"Workday Had an average workday that involved sitting at my desk for almost nine hours straight, leaving me feeling drained and exhausted. Despite this, I managed to complete some of the necessary tasks without encountering any major setbacks.",20.89,0.85,-0.04,0.65,0.29
"Me: This morning, I woke up feeling disorientated by my insomniac habits. My eyes were heavy, my head throbbing, and my heart racing uncontrollably.",19.77,0.65,-0.15,0.86,0.44
"Me: Today, despite feeling fatigued from last night's late shift, I managed to complete my daily routine efficiently without any hiccups. While I did get some extra hours of rest, I made sure that I paid attention to my nutrition by having a well-balanced breakfast consisting of healthy fruits, whole grains, and lean proteins like chicken breast.",23.9,0.92,0.56,0.51,0.71
"In this early morning routine, I felt tired yet energized from completing a few task-oriented meetings and working diligently to achieve my daily goals. As I sit down to write this reflective piece, I feel grateful for the peacefulness that has enveloped my senses during this quiet hour of restoration.",30.79,0.9,0.18,0.55,0.39
"Today was one of those days where everything felt out of balance. As soon as I woke up, I realized that I had not gotten enough restful sleep, which made it challenging to focus throughout the morning.",34.35,0.7,0.09,0.62,0.55
"Dear [Name],  Today has been a tough one for me. I woke up feeling restless and stressed out after an exhaustive shift at my job last night.",38.22,0.6,-0.16,0.6,0.42
"Little did we know that today would be one of those days where everything seemed perfect at face value. However, as usual, we all found ourselves struggling towards the end of the workday due to the long commute.",40.44,0.77,0.33,0.17,0.61
"Dear [Name],  I'm glad to say that my working day went pretty well today. Despite feeling tired from a long week of constant meetings and deadlines, I managed to focus and complete several important tasks while maintaining productivity.",46.39,0.16,-0.54,0.32,0.09
"Sitting at my desk today, I found myself working in complete silence without even opening my laptop or checking email. The world outside seemed unfamiliar yet peaceful, allowing me to focus solely on my task of completing an overdue report for school.",12.78,0.95,0.59,0.4,0.79
"Sure! Here's my 2-sentence personal reflection today:  Early this morning, after a successful day at work, I woke up feeling rested and refreshed. As I took a deep breath and stretched out, it felt like the weight of the world had lifted off my shoulders.",15.15,0.98,0.63,0.41,0.84
"Hey [Name],  Glad to see you slept well last night! Feeling refreshed after that restful snooze? I sure did. Woke up feeling energized, but it wasn't just my body that felt great - my mind was too.",9.49,1.0,0.8,0.58,0.92
"Yesterday was an average day where I managed to complete some tasks but struggled with feeling overwhelmed by my responsibilities at home. However, despite this, there were moments of serenity that helped keep me grounded throughout the day.",17.28,0.64,0.48,0.22,0.57
"Personal Reflection Today, I woke up feeling exhausted after working through the normal routine of last week. However, despite some distractions, I managed to stay focused and productive throughout the day.",23.9,1.0,0.27,0.92,0.59
"Dear [Name],  Today has been a challenging one. Despite my best efforts to stay focused throughout the day, it felt like there were always distractions looming just outside of my reach.",29.52,0.59,0.14,0.42,0.47
"Early in the morning, as my alarm clock beeped into life, my mind raced with thoughts of what tomorrow would bring. It had been an exhaustive yet satisfying day at work, where I managed to complete several important projects while sitting behind a computer screen.",49.2,0.32,-0.32,0.32,0.06
"Yesterday was an eventful one! As usual, I woke up to the sound of birds chirping outside my window. However, instead of feeling overwhelmed by all the noise, I took a few deep breaths and made myself ready for the day ahead.",55.89,0.97,0.16,0.7,0.48
"During my typical morning routine today, I found myself feeling restless yet unfulfilled. As I lay there, exhausted after a long night of sleep, my body began to shift into a peaceful state of mind.",64.93,0.78,0.12,0.6,0.56
"Yesterday, after waking up to a full night of restful sleep, I felt refreshed yet again amidst a busy week ahead. As usual, I started off by checking emails, but then moved onto more important matters that required my attention.",78.96,0.41,-0.2,0.36,0.24
"During today's routine, my body felt tired but refreshed by an adequate amount of restful sleep that allowed me to wake feeling energized and ready for the challenges ahead. As I opened my eyes, the sun streamed through the window, illuminating a fresh morning.",14.37,0.96,0.69,0.32,0.86
"Hey [Name], today I woke up feeling relaxed and refreshed after a restful night's sleep. As soon as I opened my eyes, I noticed that everything looked brighter than usual - it was almost like morning had finally arrived! It felt so amazing to be able to get out of bed without any grogginess, which is rare when I usually hit snooze at least twice throughout the day.",21.36,0.93,0.2,0.81,0.37
"Today has been an average working day that started at my usual time of 9 am. While attempting to complete several routine chores, I managed to hit all of them without much hiccup.",32.74,0.95,0.12,0.79,0.48
"Heyyyy! Today has been an average but pretty successful day for me. After waking up on time (a rare occurrence these days), I got myself ready quickly enough before heading out for my morning run at the park.",37.58,0.54,0.34,-0.01,0.6
"Today was an average workday for me, mainly due to my hectic schedule that left little time to rest and recharge before starting again tomorrow. However, despite the long hours and stressful demands, I managed to maintain a balance between both professional and personal commitments.",36.86,0.73,0.49,0.3,0.72
"This morning I woke up feeling rested and refreshed after an unproductive but enjoyable day at work. Despite the challenges that arose during my shift, I managed to complete most tasks on time while remaining focused and attentive throughout the day.",36.34,0.72,0.59,0.23,0.75
"Sure! Here's a sample 2-sentence personal reflection that follows these strict instructions:  Refreshed after a restful night of sleep, I felt energized and focused throughout the morning. After completing several critical tasks, I took some time for myself by going for a quick jog around the block.",39.29,1.0,0.74,0.52,0.9
"In today's hectic schedule, my mind felt weighed down by a heavy load of to-do lists that seemed to never end. As I sat down to focus on some task completion, however, I noticed myself feeling less anxious than usual.",51.77,0.93,0.09,0.55,0.37
"Yesterday, I woke up feeling rested yet slightly groggy from sleep deprivation. I decided to take advantage of my energy-boosting morning routine consisting of yoga and meditation, which left me feeling calm and grounded throughout the day.",61.88,0.59,0.34,0.05,0.53
"Today, despite feeling exhausted from a long day at work, I managed to get some important tasks completed while also ensuring that I took regular breaks to stay focused on my work. My overall energy levels were relatively average, which allowed me to tackle several small projects without getting overwhelmed.",78.36,0.53,-0.21,0.2,0.1
"Yesterday, I woke up feeling tired but excited about tackling my to-do list. As I sat down to start working, I found myself focusing on each task rather than getting bogged down by unnecessary distractions.",2.59,0.73,0.53,0.33,0.75
"During my short day today, I felt relatively rested after an uneventful morning routine that began early due to unexpectedly short sleep hours. My workday progressed normally until lunchtime when I had a brief interruption from being sick, which resulted in not feeling well throughout most of the afternoon.",12.62,0.37,0.08,0.29,0.37
Breakfast: A cup of coffee and a small piece of fruit (apple) before heading out the door. Work: Completed some errands around town before meeting with a client.,10.4,0.7,0.57,0.45,0.74
"Today I woke up to an average morning routine consisting of my usual bedtime rituals, including taking a quick shower, eating some breakfast on-the-go (balanced fruits and nuts), and getting into the office at approximately 9 am. It wasn't quite the ideal start to the day, but it gave me enough time to catch up on some important emails before heading out for a brief meeting.",21.93,0.54,0.19,0.09,0.55
"Greetings, dear reader! Today has been one of those days where my body felt out of sorts and I couldn't quite shake it until late afternoon. But despite that, I managed to get through another full day at work, complete all my daily responsibilities, and even found time to squeeze in some self-care activities before retiring for the evening.",24.94,0.83,-0.2,0.75,0.39
"Workday today was not my best yet! As I took it slow to start, feeling exhausted from Monday's overtime, I found myself nodding off towards the end of my shift. But despite that minor setback, my colleagues were all supportive and even offered to bring me some snacks while I finished up.",39.38,0.84,-0.07,0.56,0.37
"During today's short workday, I found myself feeling particularly stressed out due to overwhelming responsibilities at home and my daily commitments. Despite taking regular breaks throughout the morning to stretch and move around, my body felt tightened, tense and uncomfortable.",34.71,1.0,0.81,0.39,0.86
"Dear [Personal Reflector],  Working for hours in a cramped office space is not always easy today. Despite trying to balance my tasks at hand while keeping myself hydrated and fueled up for the rest of the day, it's been an intense experience.",49.36,0.42,-0.33,0.33,0.29
"Worked long day today, still feeling tired after a challenging shift last night. Balancing my priorities well, eating a balanced breakfast of whole grains, lean proteins, and healthy fats to keep me fueled throughout the day.",54.11,0.81,0.09,0.66,0.54
"Today, despite feeling exhausted after working late hours the previous evening, I made sure to prioritize self-care activities that would help recharge my energy levels for tomorrow. After winding down by staring at my computer screen, I walked around the block to get some fresh air and sunlight.",59.81,0.99,0.87,0.1,0.82
"Worked typical day today, feeling exhausted after working late last night. Had to focus on multiple projects simultaneously without letting my mind wander too much.",19.09,0.73,0.03,0.62,0.47
"As I stepped out of my bedroom door and into the crisp morning air, it felt like a fresh start to another productive day at work. Despite an uncharacteristically tough night's sleep, I managed to get up early enough to go for a brisk walk around the block before commencing with my routine.",20.97,0.93,0.64,0.35,0.7
"Dear self-love companion,  I'm grateful to have had a productive short workday today despite having an uneven night of sleep. My focus has been intense and my energy levels have been consistent throughout the day.",17.58,0.55,0.15,0.56,0.61
"This morning, I had an uneventful day that started with a quick breakfast of fruit and oatmeal followed by working on my latest project until it was finished to completion. While eating lunch outside at the park, I spotted some kids playing together in the shade under a tree, so I decided to join them while they enjoyed their snacks and games.",36.22,0.76,-0.06,0.52,0.27
"[Your Name] Working Short Day Today  Today was an uneventful yet productive day at my job. Despite feeling sluggish and unmotivated throughout much of it, I managed to complete several important tasks that would have been nearly impossible if not for my energy-boosting snacks and nutrient-dense breakfast.",41.94,1.0,0.47,0.57,0.69
"This morning, despite feeling tired after an overly productive evening at home, I woke early enough to make a delicious breakfast of whole-grain oatmeal with almond milk and fresh fruit. As soon as I hit snooze, I made myself some coffee and headed out into nature.",38.01,1.0,0.64,0.43,0.86
"Working Short Day Today - My body aches due to long hours at my desk, but I push through it with determination - The morning routine has been hectic lately - checking emails while sipping coffee is not ideal, yet necessary - A balanced breakfast of vegan protein bars and fruits helps keep me energized throughout the day - Tiredness sets in after an early finish, leaving time for relaxation before heading home - Overall feeling of satisfaction knowing that I completed several tasks despite being tired and rushed - Refreshment from a well-balanced dinner that included healthier options and lots of veggies.",46.05,0.77,0.24,0.48,0.65
"Dear friend,  Sorry to hear that your workday has been challenging lately. It feels like every task seems to take forever, which is understandable given how much you have to do in one day.",60.69,0.62,-0.41,0.37,0.19
"Me: Yesterday, my day wasn't quite what it usually is. Despite having plenty of time to prepare myself before heading out, I found myself feeling rushed and anxious.",68.81,0.79,0.1,0.42,0.55
"This morning, despite waking up late due to an errand at the grocery store, I managed to complete my daily routine without much fuss. After getting out of bed, I quickly got dressed and made breakfast before heading straight into the office.",72.55,1.0,0.48,0.45,0.63
"Dear Diary,  Today has been an incredible day! As I've mentioned earlier, today I woke up at a regular time (around 6am), made my daily routine of checking emails, social media, and cleaning out my desk thoroughly before starting work. With a smile on my face, I set to work focusing on my goals and deadlines, completing several important projects within a reasonable amount of time.",10.99,0.99,0.7,0.7,0.89
"Today has been another busy yet satisfying day filled with routine activities that have kept me moving forward. Despite feeling exhausted after winding down late last night, it was nice to recharge physically and mentally through some relaxation time before starting the workday.",22.36,0.75,0.1,0.6,0.52
"Yesterday, despite my best efforts to stay focused throughout the day, I found myself moving around some more than usual. While there were moments of productivity here and there, overall, things just felt a little hectic.",35.77,0.54,-0.05,0.47,0.25
"Yesterday was challenging but fulfilling for me at work, where I completed several important projects within my scope of responsibility. While completing these tasks, I found myself working efficiently without getting overwhelmed by unpleasant distractions like phone calls, emails, meetings, etc.",32.52,0.99,0.62,0.44,0.81
"Dear Diary,  Today has been a little different from what I usually experience on this side of the world. I woke up feeling exhausted after spending most of yesterday afternoon working on multiple projects simultaneously, so I decided to take it easy during the morning hours.",45.26,0.73,0.21,0.27,0.6
"As I stepped out of my bedroom door this morning, I felt an overwhelming sense of energy coursing through my veins that had been building steadily throughout the previous few hours. With a deep breath, I took a step forward, feeling the sun warmth seeping into my skin as I made my way down the hallway towards the kitchen.",50.58,1.0,0.33,0.48,0.59
"Late to work due to an unexpected commute but managed to make it back on time after a long weekend spent relaxing at home with family. Fell into bed early after working for most of the morning, feeling refreshed and energized from my efforts over the past few days.",58.92,0.38,-0.07,0.07,0.46
"Monday morning, feeling stressed from last week's long shift at work. Awoke to an uneven breakfast routine - packed my lunchbox without much thought about what would go into it.",61.61,0.35,0.27,-0.12,0.5
"Today I woke up feeling refreshed after an amazing night's rest that left my mind clear and ready to tackle another full day of work. With an abundance of healthy snacks in sight throughout the morning, I took some time to appreciate what nutrition could offer while commuting through the city.",66.23,0.69,0.05,0.57,0.48
"Yesterday was one of those days where everything felt perfect in spite of my hectic schedule. Although there were some challenges that arose, it wasn't too overwhelming to manage.",80.0,1.0,0.29,0.59,0.52
"Mid-morning, my body felt restless, yet content. The sun slowly began to rise over the horizon, casting long shadows that danced across the landscape below.",16.76,0.49,0.14,0.5,0.48
"Worked in a busy office all morning before taking some time to eat lunch. Feeling tired after an early wake-up call, I settled into my desk chair for a few hours of focus at the computer.",22.36,0.59,-0.26,0.45,0.03
"During my typical short workday today, I started feeling overwhelmed by the endless paperwork, but then I took it one step at a time, working on simpler tasks that required less attention. As the hours ticked away, I found myself enjoying the peaceful routine of winding down before bedtime, grateful for the small pleasures in life like a warm cup of coffee or an evening stroll.",29.29,0.78,0.54,0.2,0.74
"Morning breeze caresses my skin like a gentle whisper, its soft touch encourages me to open my eyes slowly to this new dawn of possibilities. Today, I embraced an average but productive routine, nourishing myself through a balance of balanced meals that kept me fueled throughout the day while working towards completing all necessary task list.",23.2,1.0,0.47,0.79,0.77
"Early this morning, my focus had been hampered by several tasks that needed to be completed before the deadline of today's project. However, after a well-rested evening, I felt rejuvenated enough to begin working diligently without any distractions.",36.71,0.64,-0.19,0.54,0.21
"Yesterday, after a long and restful night's sleep, I woke up feeling fresh and energized. After a quick breakfast, I headed outdoors to take some walks and enjoy some fresh air.",36.19,1.0,0.59,0.3,0.86
"Hey [Name],  Today felt like any other typical day for me. I woke up early this morning around [Number]am and immediately hit the snooze button two times before getting out of bed.",38.61,0.89,0.39,0.49,0.5
"In today's busy schedule, I managed to eat my heart out while tackling several critical tasks at once. The morning began with an unhealthy breakfast consisting of stale bread, cheese, and coffee.",49.04,0.62,-0.16,0.35,0.22
"During my short but hectic morning routine today, I had an average-sized breakfast that consisted of avocado toast with whole grain bread and sliced tomatoes on top. Despite being busy throughout the day, I made sure to get some essential vitamins and minerals from my daily dose of nutrient-rich green leafy vegetables, which were sprinkled on top of my oatmeal bowl before popping it into my mouth.",50.47,0.89,0.61,0.27,0.84
"Today I woke up feeling tired and unmotivated to get going right away. Despite this initial setback, I managed to balance out my workload, consume healthier meals throughout the day, avoid any distractions, and focus on completing assigned tasks efficiently without getting too overwhelmed.",54.58,0.86,-0.09,0.63,0.39
"Sometimes it's easy to forget that the day may not be perfect just yet, but in my case today was relatively normal. I spent much of the morning working on routine tasks before moving towards some more focused work during the afternoon.",15.98,0.86,-0.17,0.7,0.29
"Today was one of those days where all I wanted to do was curl up under a blanket and binge-watch Netflix until the cows came home. But instead, I found myself starting my morning routine, getting dressed, and making coffee before heading out the door for work.",20.06,0.96,0.39,0.53,0.67
"Yesterday, while working through my routine daily habits, I experienced an unpleasant feeling of tension in my neck that led to some mild discomfort during the early stages of my morning exercise regimen. By the time lunchtime arrived, however, the pain had subsided enough to allow me to sit comfortably at my desk without too much disruption.",26.36,0.98,0.1,0.85,0.56
"Sometimes it feels like yesterday when I woke up early this morning and hit the snooze button just one more time until my alarm rang out at 7 am sharp. As I groggily opened my eyes, I realized that I had been working non-stop since last evening.",22.9,0.99,0.72,0.57,0.84
"Morning sun filtered through my window, casting shadows across my bedroom floor. As usual, I woke up feeling tired and sluggish after an unproductive night's sleep.",21.86,0.86,0.05,0.88,0.49
"Later in the morning, after a good night's rest, I began feeling refreshed and energized to tackle whatever tasks awaited me. As usual, my workday started off with me moving about aimlessly, making little progress on any particular task.",33.27,0.18,-0.28,0.3,0.21
"In this typical morning, I managed to complete most of my daily routine while still maintaining balance between eating nutritious meals that supported optimal physical and mental performance. After having a restful night's sleep, I refreshed myself with a productive morning where I accomplished all my required tasks efficiently without feeling overwhelmed or stressed.",31.36,0.97,0.46,0.89,0.64
"Sorry to hear that your day wasn't going quite according to plan! As usual, it felt like there were too many distractions, so instead of feeling stressed out, I chose to focus on being present in each moment. While I was sitting down, I took a deep breath and reminded myself why this job is important to me - to make a difference in people's lives while helping others find their purpose.",39.84,0.3,-0.36,0.54,0.2
Sure thing! Here's my 2-sentence personal reflection on today's productive but average workday:  Today has been an average day. Average in terms of both quality and quantity.,52.52,0.36,-0.44,0.15,0.04
"Yesterday, after waking up early but feeling restless, I made sure that I got my daily routine in order - showered, dressed, brushed teeth, etc. , before starting my morning workout at home using an outdoor elliptical machine.",53.31,1.0,0.48,0.52,0.79
"Worked tirelessly from dawn to dusk today while juggling multiple responsibilities, ensuring that all tasks were completed in their entirety. Although it wasn't always easy to focus on my work, I managed to complete most of them within time constraints.",24.25,0.63,-0.28,0.42,-0.02
"Sitting here typing away on my computer, I can feel myself getting more stressed by each passing minute. However, despite the constant pressure, I have been making progress lately in achieving my goals.",28.17,0.28,-0.14,0.36,0.36
"This morning, I woke up to an empty fridge and the smell of leftovers lingering in my nostrils. As I slowly pulled myself out of bed, I noticed that I hadn't eaten anything all day.",30.1,0.75,0.23,0.65,0.64
"Worked Typical Day: As usual, I started my morning routine early by waking up at 6 am and got ready for the day ahead. After checking email and completing some administrative tasks, I began working on various projects and responsibilities that needed attention.",38.66,0.89,0.32,0.44,0.7
"Yesterday, after an unproductive weekend, I woke up feeling restless but excited about my workday ahead. My eyes felt heavy and tired from lack of sleep, which made it difficult to focus on tasks at hand.",39.53,0.5,0.33,0.09,0.56
"Today has been an exhausting yet fulfilling one. After working a short shift at my job, I've felt rejuvenated and refreshed, having eaten a well-balanced breakfast that included both vegan and non-veg options, and managed to stay consistent throughout the rest of the day by avoiding any snacks, which is something I usually do when I get home after a long day.",35.46,0.97,0.86,0.38,0.93
Me: Today has been an unremarkable routine so far. I woke up feeling tired but refreshed by getting some much-needed rest last night.,42.04,1.0,0.37,0.67,0.65
"Yesterday, after a long week of stressful meetings and deadlines, I managed to stay focused on my work, completing several important tasks without feeling overwhelmed. However, at some point during the evening, I felt a nagging pain in my neck that had been lingering all morning.",41.58,0.78,0.38,0.45,0.67
"Yesterday, after waking up early and getting ready, I made my way out into the sunny morning air to head off on a few errands. As usual, I started my workday at 9 am sharp, eagerly scrolling through social media while waiting for my colleagues to arrive.",43.65,0.51,0.41,0.18,0.72
"Hello [Name],  Today has been one of those days where everything seems to be going wrong. However, despite feeling exhausted by the end of it, there were moments that made me feel motivated enough to get through my day without too much difficulty.",54.28,0.24,-0.33,0.3,0.21
"Midway through my busy morning routine, I felt a stabbing pain in my right eye that made it hard to focus on anything else. My head throbbed with a sharp jolt of pain that left me dizzy for a few seconds before settling into its normal state.",32.46,0.32,-0.46,0.33,0.06
"This morning, I woke up feeling stressed and anxious after a long night spent working late into the evening. However, despite this initial state, my day went relatively smoothly until I arrived at my desk.",34.96,0.69,0.27,0.12,0.51
"Mid-morning today, feeling refreshed and energized after an afternoon spent at the gym, my body feeling light and loose, I made it through another busy workday without even breaking a sweat. Avoiding a morning nap (a habit I often fall into) allowed me to wake up more alert and focused than usual this morning, allowing me to tackle tasks that normally would have been left undone during sleep.",40.28,0.75,0.53,0.26,0.73
"After another long but productive day at work, it's time to sit back and take a moment to reflect on my experience. I spent an entire day sitting down without any movement whatsoever - something that I wasn't even aware of until reading your prompt earlier today! However, despite feeling tired and unmotivated after the initial hour, I managed to accomplish many important tasks during this period.",46.9,0.48,-0.41,0.47,0.19
"Dear Journal Entry Reader,  Hey there! Today was an average yet fulfilling day that started off on a high note by waking up feeling energetic and alert. My usual routine kicked into gear quickly, thanks to some early morning exercises at home.",57.5,0.45,-0.01,0.3,0.38
"Today, despite moving around quite frequently during my shift at the office, I managed to stay focused on tasks and complete most of them efficiently throughout the day. Despite feeling somewhat unproductive due to having limited time to complete certain projects, I've been able to tackle most of them within reasonable timelines and have made progress towards achieving overall goals.",61.97,0.09,0.09,-0.13,0.39
"Sitting in front of my computer screen today felt different from other days where I've been on-task and efficient. Instead, I found myself spending hours scrolling through social media feeds and engaging in endless streams of news articles without moving an iota of my body.",82.82,0.58,-0.33,0.21,0.08
"Yesterday I spent most of my time working on various projects that required some focus and concentration. Despite having a busy schedule, I felt energized and ready to tackle whatever challenges came up during the day.",85.61,0.37,0.1,-0.11,0.56
"After waking up early this morning, feeling grateful that it was another opportunity to take charge of my well-being, I spent some time reflecting on how my body felt after a long restful night's sleep. As usual, I made sure to get plenty of water throughout the day while also consuming nutrient-dense foods like fresh fruit and vegetables.",95.45,0.44,0.34,0.05,0.53
Today has been an average day for me. I got up at my usual time (around 7 am) and started working on my latest project right away.,99.21,1.0,0.49,0.17,0.6
"Dear self,  In today's short yet fulfilling day, I navigated my morning routine while experiencing some exhaustion. After checking email and social media, I sat down for a few minutes to read and prepare for work.",10.04,0.65,0.52,0.29,0.79
"I woke up feeling refreshed after a restful sleep. My mind was clear and focused this morning, checking off all my to-do lists without much stress or distraction.",13.42,0.44,0.02,0.57,0.54
"In today's working day, I felt tired yet motivated to complete several critical tasks. However, amidst the chaos of deadlines, meetings, and emails, I managed to maintain a balance by prioritizing my time wisely and eating nutritious snacks throughout the day.",26.08,0.74,-0.08,0.46,0.28
"Today, as I sit here typing away on this computer, I am feeling both exhausted and motivated. After a gruelling morning at work, where I managed to get through several productive meetings, I took some time outdoors to stretch, breathe deeply and clear my mind.",31.49,0.86,0.08,0.55,0.38
"Dear Self,  Yesterday was a long but productive day, where I managed to complete multiple projects while maintaining focus and energy levels. While there were times when I felt exhausted or lacking motivation, today I took the time to refresh myself by getting some much-needed restful sleep and replenishing my body with nutritious meals that nourished both mind and soul.",24.62,0.97,0.71,0.61,0.82
"Today I woke up feeling drowsy but eventually got myself moving out of bed. My body ached after lying down for too long, so I stretched out my legs and took a few deep breaths before getting dressed.",32.67,0.97,0.55,0.54,0.79
"(Your name)  Today, despite being tired from working long hours, I managed to eat a slightly healthier lunch than usual. It started out slow, with some pre-packaged sandwiches in front of me before settling into something more substantial.",42.32,0.68,-0.23,0.55,0.23
"Starting with a thought of feeling comfortable and present in my current state, I took a moment to reflect upon my daily routine. I realized that today, I had successfully accomplished all necessary tasks within my schedule without any distractions or challenges.",43.56,1.0,0.7,0.51,0.8
"Today, I found myself working on a shorter schedule than usual while still feeling like my body was able to perform at its best. While not entirely productive, it allowed me to take some time off for lunch and stretch before getting back into the swing of things.",43.57,0.4,0.27,0.02,0.58
"Hey there! Today has been a pretty eventful day for me, with all that goes along with it. I started the morning feeling exhausted and drained from yesterday’s stressful workload.",52.78,0.81,0.08,0.53,0.45
"Dear [Personal Reflector],  Today has been a great day! I woke up early enough to complete my morning routine before heading out for an uplifting workout at the gym. As soon as I got back home, I started working on some important tasks that had been piling up over the past few weeks.",9.12,1.0,0.33,0.91,0.71
This morning started out rough. My eyes burned with an intense migraine that wouldn't subside even after taking a prescribed medication.,13.01,1.0,0.82,0.46,0.81
"Breakfast was quick, consisting of some fresh fruit, yogurt, and granola bars that were packaged and refrigerated ahead of time. A walk to the park followed, where we encountered our usual cozy group of dog owners playing fetch on a nearby pond.",12.96,0.47,0.21,0.37,0.65
"I woke up feeling refreshed after a restful night's sleep, my body groaning in satisfaction at finally being able to move around without much discomfort. My mind felt clear and focused, filled with tasks that needed to be completed within this hectic schedule.",17.18,0.5,-0.02,0.59,0.26
"Today was an average day, but not entirely disappointing. While my morning routine wasn't quite as robust as usual, I managed to get some important tasks done without much hiccup.",19.57,0.31,0.31,0.17,0.61
"Yesterday I woke up feeling refreshed after a great night's rest, my body felt relaxed and at ease, I decided to take it easy and enjoy some well-deserved downtime. As I began my day, I made sure to get out of bed and stretch a few times throughout the morning.",24.5,0.74,0.29,0.53,0.59
"Sure thing! Today has been one of those days where I have felt exhausted after having gone through a long and tiring weekend. As I sat down to get ready for work this morning, I realized that I had left out the coffee I usually drink every morning - which is normally a necessity for getting going.",22.57,0.97,0.37,0.7,0.71
"As I stepped out of my door this morning, it felt like the weight of the world had been lifted from my shoulders. After a hectic evening working on a critical project that required intense focus and attention to detail, I'd found myself feeling overwhelmed and stressed out.",31.15,0.8,-0.03,0.44,0.1
"During my early morning routine today, I woke up feeling restless and unrested due to an overnight hangover. However, upon opening my eyes, I found myself looking at the bright sun peeking through my window.",29.36,1.0,0.67,0.49,0.82
"(Incomplete) Today, I woke up feeling restless due to lack of sleep overnight, which made it challenging to focus on my work without feeling irritable. However, after taking some time to meditate, stretch, and eat a nutrient-rich breakfast, I felt energized enough to tackle the task at hand.",29.35,0.49,0.3,0.3,0.6
"Me: Today, I spent much of my day moving around, working diligently towards completing various projects and accomplishing routine tasks. However, while this activity may have seemed demanding at times, it ultimately provided an opportunity to stay focused and achieve more than expected.",21.16,0.87,0.03,0.72,0.37
"Late afternoon/evening, I sat at my desk working remotely from home, surrounded by a tidy workspace. My productivity levels were higher than usual; however, my mind felt restless, so I decided to take a few deep breaths before diving into my daily routine.",23.39,0.75,0.32,0.4,0.59
"Dear A,  Working long hours can be exhausting at times but it's essential to keep moving forward despite feeling overwhelmed. Despite checking off most of my daily goals, there were still plenty that remained unfinished - some even left me feeling stressed out.",25.22,0.41,-0.33,0.41,0.33
"Yesterday was an average day for me. As I arrived at my desk after working long hours the previous night, I felt somewhat drained yet grateful to have been given this opportunity to contribute towards my company's growth.",26.47,0.09,0.03,0.01,0.45
"Hey, today started off just like any other morning - feeling exhausted and groggy after a long night's sleep. But before I could even drag myself out of bed, my alarm clock sounded and woke me up.",29.55,0.71,0.48,0.29,0.65
"Breathing deeply, I sat down to work on my laptop for hours, yet still managed to accomplish little more than scrolling through social media. It was a challenging morning, but it gave me an opportunity to reflect on how much time I spend sitting around compared to exercising or getting moving.",37.46,0.25,-0.33,0.29,-0.14
"Dear friend, today was another busy day at work. While it may seem like my days have become less productive lately, I am happy to report that I made it through without falling into an afternoon slump.",39.54,0.96,0.08,0.72,0.44
"Yesterday, despite my best efforts to stay productive, I found myself struggling to focus on anything other than my work. My mind seemed to be constantly racing, even when I wasn't actively engaged in my tasks.",46.42,0.96,0.3,0.69,0.59
"Sure, here is another 2-sentence reflection example:  Woke up early this morning feeling restless but not too anxious yet. I took some deep breaths to steady myself and started making breakfast.",47.95,1.0,0.56,0.38,0.72
"Yesterday, after a restful evening's sleep, I started my day refreshed but slightly exhausted. As I walked towards work, I noticed that my back felt a little stiff but otherwise okay.",49.31,1.0,0.43,0.49,0.76
"Me this morning, feeling exhausted after waking up from a long night of studying. Avoided any physical activity to rest and recharge my batteries before tackling today's routine.",22.02,0.62,0.21,0.55,0.47
"As I sat down to begin another stressful yet productive day, exhaustion weighed heavily on my mind. However, after a few moments of reflection, I realized that my focus was not solely on completing tasks but rather on enjoying time spent working from home.",41.18,0.66,-0.33,0.43,0.11
"Workday today felt like a full-body exhaustion - I spent much of it at my desk checking email, responding to phone calls, and finalizing last minute projects before heading home for lunch. Though I've accomplished many things this week, there were still moments where the constant focus on work left little time for rest or relaxation.",59.91,0.77,0.02,0.48,0.21
"Yesterday, I had one of those average days wherein I managed to accomplish everything on my list without feeling overwhelmed by it all. I woke up early this morning, eagerly set out my breakfast routine, took some deep breaths, stretched, exercised, got dressed, made coffee, did some yoga poses, brushed my teeth, shaved, and got into work mode straight away.",63.08,1.0,0.9,0.23,0.82
"Hey! Today has been an average day for me, to be honest. After a pretty uneventful night of sleep (which isn’t saying much since it was a weeknight), I started my morning routine without any issues.",70.54,0.87,0.09,0.57,0.45
"In this ordinary Tuesday morning, my eyes scanned through the list of items that needed to be accomplished before starting the day's routine. The sun streamed in through the windows, casting shadows across the room, making everything look even more chaotic than usual.",90.57,1.0,0.27,0.44,0.41
"Today, despite feeling exhausted after an exhaustive morning schedule at work, I managed to achieve some tasks that were necessary yet fulfilling. Although it wasn't my best day by any means, I tried to maintain balance between completing deadlines, eating nutritious meals, exercising regularly (though not enough), and spending time with loved ones.",102.43,0.35,-0.33,0.28,0.29
"Inconsistent eating habits today made it difficult to maintain a healthy lifestyle, even though I tried my best to stay on track. Despite this challenge, I managed to eat decent food choices that were actually quite tasty.",113.9,0.3,-0.27,0.18,0.27
"In today's working session, I had a perfectly normal day that started early due to some unavoidable commitments earlier than planned. However, despite feeling tired during the mornings, I managed to complete most of my daily tasks efficiently without any major setbacks.",120.94,0.89,0.21,0.35,0.67
"Today has been an average day, filled with routine tasks that leave little room for any exciting adventures. However, despite the lackluster moments, there were some positive aspects to my life that kept me motivated throughout the day.",121.82,0.61,0.28,-0.14,0.63
"Me today felt exhausted after working for a long shift last night. However, I got enough rest by taking breaks during the evening hours and going for a quick run before bedtime.",15.0,0.75,0.42,0.45,0.64
"Me: Okay day, not too exciting, but overall manageable considering how busy it has been lately. Woke up feeling exhausted after another long shift, so I decided to sit in my living room until morning hits around 7 am.",24.14,-0.1,-0.81,0.19,-0.02
"During today's shortened working day, I felt an increase in productivity due to my efficient routine of completing all assigned tasks beforehand. My heart rate remained steady throughout the day while maintaining a comfortable temperature.",21.57,0.98,0.7,0.52,0.85
"Later that afternoon, I had my usual daily routine of checking emails, responding to messages, and catching up on some reading material before settling down to complete an important project at home. However, today's schedule was slightly different from what I usually have - it started out with just a few quick snacks around mid-morning, but as I continued working throughout the day, I eventually managed to consume everything within two hours without any difficulties or disruptions.",23.71,0.59,0.35,0.33,0.63
Today I had a productive yet challenging day where I worked long hours without experiencing any distractions or interruptions. I ate nutritious breakfast consisting of an abundance of fresh fruits and vegetables while also exercising regularly during my lunch break.,21.74,1.0,0.67,0.59,0.67
"Workday today went smoothly, thanks to some pre-work routines that kept my mind clear of distractions. I had planned an early morning coffee break at home, which allowed me to focus on the task at hand without any interruptions from others.",29.78,0.65,-0.05,0.64,0.39
"(Time: Typical morning)  Reflection: Today started off on an average note, woke up early but got into my routine quickly without any major hiccups. As usual, I had a busy schedule that kept me moving from one task to another.",36.37,0.58,-0.15,0.42,0.41
"Today began with a routine of eating healthier meals to maintain good nutrition and stay productive throughout my workday. As I sat at my desk, I noticed that my eyes were tired from staring at screens all day.",41.61,0.86,0.28,0.53,0.55
"This morning, despite feeling exhausted after an early wake-up call, I managed to get through my daily routine without any major hiccups. After brushing my teeth and getting dressed, I made my way downstairs to grab breakfast before heading out on my morning commute.",41.86,0.48,0.31,0.23,0.57
"During today's long shift, my body felt sore after completing multiple repetitive motions that left little room to rest or recover. However, despite these aches and pains, I focused entirely on task completion, checking off all remaining items before heading home.",45.8,0.85,0.2,0.51,0.34
Yesterday was a typical day at my usual routine. I woke up early to catch some sunshine before starting my daily tasks.,18.63,1.0,0.17,0.82,0.53
"Sitting at my desk, surrounded by bright lights and busy machines, it feels more challenging than usual today to keep up my routine of consistent breaks between tasks. However, despite feeling a little anxious about the lack of rest, I remind myself that working hard during this time can help build momentum throughout the week.",29.84,0.7,-0.03,0.62,0.46
"In today's busy schedule, I had to adapt quickly to fit into my daily routine without any distractions. However, after working for several hours, I managed to feel calmer than usual - both physically and mentally.",36.78,0.88,0.24,0.45,0.67
"Worked Typical Day [Sleep/Healthy Meal]  Today was an average day. While not perfect, it wasn't terrible either.",47.77,0.47,-0.2,0.38,0.33
"Today, I woke up to an early alarm and made it through my morning routine without any major setbacks. I felt refreshed after completing some chores around the house before starting my day's activities.",55.91,0.87,0.23,0.63,0.51
"Greetings from another hectic day! Today has been challenging, particularly due to various commitments that have kept me occupied throughout the morning hours. But despite feeling exhausted, I managed to accomplish some important tasks during lunchtime.",63.51,0.52,0.09,0.3,0.55
"Hey there, today's been an extremely busy but productive one. As soon as my alarm clock hit the hour mark (a little early), I got straight down to business by tackling all of my work-related tasks with urgency and efficiency.",73.99,0.98,0.57,0.34,0.66
"Today was an average day of productivity that brought some stress along with it. Despite feeling slightly uneasy at times, I managed to stay on track and move forward without any major setbacks.",73.64,0.62,0.19,0.1,0.6
"In the early hours of this morning, my body had been awoken by the steady tick-tocking sound of my alarm clock. Though initially hesitant, I finally got out of bed and started the process of routine preparation that would keep me going throughout the day.",83.65,0.99,0.36,0.47,0.51
"Yesterday, I woke up feeling sluggish after a long night's rest. However, despite my initial discomfort, I made it to a full 8 hours of sleep before realizing that it wasn't enough.",99.69,0.53,-0.11,0.16,0.2
"Shortly after waking up this morning, my body felt relaxed and ready for action. After taking some deep breaths and focusing on my routine, I got started on my most important task of the day - completing several critical projects at work before heading out into the office.",13.5,1.0,0.64,0.47,0.76
"As I sit here sipping on my morning coffee, I am feeling exhausted after another long and unproductive workday. However, despite this exhaustion, there is one thing that has kept me focused throughout these past few hours - the sound of my own breath echoing through the quiet office space.",17.3,0.48,0.3,0.2,0.49
"Yesterday, as I woke up feeling tired and groggy after an unproductive workday, I remembered that my body needed rest before moving forward into the afternoon schedule. Instead of rushing out the door, I took time to prepare myself breakfast consisting mainly of healthier options like fruits, whole grain cereal, yogurt, and almond milk.",19.01,1.0,0.52,0.63,0.68
"Meanwhile, while I stumbled out of bed this morning, my mind already started racing with thoughts on the upcoming workday ahead. It's not uncommon to feel anxious before starting a new task, especially when it comes from being away from familiar surroundings and routines.",20.55,0.51,0.25,0.12,0.52
"Meal prep - A fun new activity! Food is delicious, but it has also become my daily escape from the stresses of work today. Woke up early to cook breakfast for myself before heading straight into meetings that have been consuming every moment of my day so far.",23.35,0.98,0.26,0.6,0.52
"Last week's average day involved working on my daily tasks efficiently without any distractions, eating well-balanced meals that provided nutrition to fuel my body throughout the day, getting enough sleep (which was consistently great), moving around a little more than usual due to various office meetings, but overall feeling calm, focused, and in control during my busy days at work. Despite having inconsistent breakfast options and unreliable sleep patterns, this week is starting off much better, thanks to consistent routine practices like waking up earlier each morning and sticking to my healthy habits throughout the day.",28.72,0.14,-0.1,0.06,0.4
"Yesterday was an average working day, where I had my fair share of challenges, but overall felt productive and fulfilled. I started the morning by getting up early and taking care of myself with nutritious breakfast that included plenty of fruits, vegetables, and whole grains.",34.82,1.0,0.45,0.51,0.63
"Yesterday, after a long yet productive workday, I felt exhausted but focused on completing all the necessary tasks before heading home for dinner with family. However, midway through dinner, I realized that there were still some things left undone, so I got up early this morning and started tackling them one by one.",31.39,0.98,0.47,0.67,0.78
"During my usual morning routine of eating a nutritious breakfast, moving around a bit throughout the day while sitting comfortably at my desk, having adequate sleep, focusing on work without distractions or interruptions, feeling calm and focused during work hours, leaving the house refreshed to tackle various tasks efficiently. Striving to achieve balance amidst the chaos of everyday life.",36.56,0.51,-0.13,0.65,0.45
"Sitting in my comfortable chair today, feeling rested but not quite refreshed after a long week of working from home during COVID-19 pandemic restrictions. Despite a few distractions at the office, I managed to get a lot done throughout the day, including meeting several clients via video conference, handling administrative duties, and attending team meetings.",47.94,0.29,-0.37,0.35,0.3
"Today, I woke up feeling slightly disoriented after a long night of working late shifts at my job. The sun peeked through the curtains as I began to stretch, trying to regain some form of normalcy.",15.55,0.94,0.01,0.77,0.51
"This morning, I woke up feeling refreshed and ready to tackle another challenging workday. As I started my routine, I noticed that it had been a relatively easy week compared to previous weeks where there were some difficult moments that tested my resilience.",15.8,0.49,0.47,0.25,0.63
"Breakfast: A light breakfast consisting of oats mixed with banana slices, almond butter, and honey - satisfying yet nutritious! Focusing on work can be challenging at times when one is busy with other responsibilities such as emails, meetings, etc. , so it's crucial to find ways to balance productivity while still prioritizing self-care.",20.84,0.76,0.45,0.32,0.6
"Worked Short Day Today  Physical Sensations: My eyes hurt, my back aches, feeling energized after waking up. Emotional Response: Relieved that I am able to get some much-needed rest, even if it's just a brief moment of sleep.",18.37,1.0,0.68,0.47,0.73
"As I stood at my desk today after a long day at work, I felt a sense of relief wash over me. Despite feeling stressed out from multiple meetings, deadlines, and a full-time job, I had managed to stay on track with my routine despite having only a few hours of sleep.",22.05,0.89,0.63,0.29,0.84
"Sitting at my desk today, surrounded by cluttered files and unorganized papers, felt strangely oppressive. My mind wandered to my daily routine, which typically involves sitting behind a computer screen, typing away, and scrolling social media feeds.",23.62,0.53,0.17,0.42,0.46
"During today's short but productive workday, I felt energized, focused, and productive throughout my routine activities without feeling overwhelmed by any of them. After completing several tasks, I took some time for myself to meditate and do some light stretching before moving on to finishing some important projects.",33.28,0.7,0.38,0.36,0.54
"During today's routine, I found myself feeling slightly overwhelmed by my daily to-do list. However, despite this initial obstacle, I managed to accomplish some key goals that had been piling up throughout the week.",40.83,0.87,0.24,0.69,0.54
"Today I woke up feeling slightly lethargic but not overwhelmed by stress from my demanding job. Despite being physically tired at the end of an exhaustive night shift, I still managed to get out of bed, shower, dress and make myself some breakfast.",41.38,0.89,0.64,0.29,0.7
"Sometimes when life feels like it's going nowhere, it's easy to get discouraged. However, despite working an average day today, I managed to maintain some semblance of balance in my routine.",53.59,0.38,-0.43,0.24,0.11
"Sleep-deprived but refreshed after a productive morning Got out of bed without much fuss, brushed teeth, showered, dressed comfortably, took breakfast in hand (no hurry) Made some tea/coffee, stretched, checked emails, reviewed priorities, started working, completed few tasks quickly, felt energized, focused, didn't feel stressed, stayed positive throughout the day Inhaled oxygen deeply, breathed slowly & deeply, felt lightheaded briefly before returning back to normalcy, enjoyed lunch at home cooked by myself, had a quiet nap during afternoon hours, came back refreshed.",17.27,0.96,0.68,0.45,0.85
"Yesterday was another challenging yet fulfilling day. As I woke up to the sun streaming through my window, I felt energized and eager to tackle whatever task lay ahead of me.",11.32,0.91,0.28,0.76,0.68
"Today was an average day at work, but it wasn't without its moments of triumph. The sun shone brightly in the sky, casting a warm glow over everything.",18.6,0.19,-0.45,0.5,0.12
"Dear Reflector,  Today has been a typical day where I worked on multiple projects while also checking off some of my to-do list items. However, this experience left me feeling refreshed and rejuvenated.",21.18,0.74,0.12,0.67,0.44
"Today has been a productive one! My body felt rested after my long nap last night, so I started early this morning by enjoying a balanced breakfast consisting of whole grains, lean proteins, fruits, and veggies. I took some time out to complete some tasks that needed my attention, such as reviewing our team's project plan and finalizing our marketing strategy.",23.33,1.0,0.32,0.96,0.63
"Growing tired after working an extended shift last week, I decided it would be best to take things slow today. As soon as I arrived at my desk this morning, I made sure to eat a well-balanced breakfast consisting of protein shake, fresh fruits, whole grain toast, and some nuts.",27.89,0.96,0.55,0.55,0.72
"Today has been a challenging yet productive day. Despite my usual routine of waking up early (almost always), feeling exhausted after a long night's rest, working tirelessly during the day and returning home at late hours, I still managed to maintain balance throughout it all.",30.58,1.0,0.4,0.4,0.72
"Okay today has been quite hectic, but it wasn't all bad. As I made myself comfortable on my desk, the first thing that hit me was how exhausted I felt after a long night of working.",28.12,0.6,0.32,0.28,0.63
"Personal Reflection Today  I woke up feeling exhausted after a long night of studying, but that didn't stop me from getting ready for work. As soon as I stepped out of bed, I felt energized and focused.",35.14,0.47,-0.0,0.6,0.45
"Dear [Friend],  Today has been an average day like any other, but I'm happy to report that it wasn't all bad! I woke up early enough to have a quick shower and check my email before heading out for a morning run at my local park. As soon as I finished, I felt refreshed and ready to tackle the rest of my day.",35.91,0.99,0.31,0.73,0.6
"Early this morning, after an exhausting night of working and studying, my body started feeling sluggish. As I lay there, trying to get some rest, my mind drifted towards my routine.",10.52,0.75,0.45,0.47,0.66
"Today began with my eyes feeling sore after a restless night's sleep. My body felt heavy despite getting up early to do some productive work, and I had an uneventful morning that consisted of checking emails and reviewing reports before going about my daily routine.",19.19,0.92,0.21,0.64,0.16
Today has been an exhausting yet productive one where I managed to tackle a significant project at work while also working on some necessary household chores around my home. I felt refreshed and focused throughout the entire day after getting enough restful sleep and exercising early this morning.,22.09,0.97,0.73,0.47,0.93
"Working my usual routine today felt smooth and efficient. A few late-night projects completed without any major hiccups, so that's a good thing! Topped off with an adequately sized breakfast of whole grain cereal, fruit, nuts, and almond milk.",22.55,0.88,0.31,0.79,0.6
"Yesterday, I started my day feeling exhausted after a long night of working from home. However, by taking care of myself nutritionally and exercising regularly, I managed to stay motivated throughout the entire morning routine.",21.49,0.9,0.53,0.59,0.76
"Hey there! Today has been an intense yet rewarding day for me. After finishing all of my daily tasks, I spent some time focusing on the things that really mattered - myself.",25.18,0.97,0.63,0.43,0.86
"Worked typical day today Feeling relaxed overall despite moving around a lot throughout the weekend Blew out some deadlines (mostly health-related) while keeping my stress levels under control Eaten well, mainly healthy options, kept up with daily calorie intake Achieved a few small goals amidst long hours at work Focusing on work productively without distractions to keep things flowing smoothly Limited complaining about any negative aspects of the day that occurred.",30.68,1.0,0.25,0.81,0.51
"Inspired by the day at work, I woke up feeling stressed yet focused on completing my daily to-do list. However, after some time of mild discomfort in my lower back, I decided to move about a little more to avoid any further pain.",36.63,0.57,-0.12,0.49,0.14
"During my shortened working day, I experienced a slightly elevated heart rate and occasional headaches from sitting at desk all morning long. Despite these minor discomforts, I managed to complete several tasks without much difficulty due to my usual consistent practice of eating well-balanced meals most days.",38.41,0.38,0.3,0.14,0.5
"Yesterday was a typical workday, consisting of intense meetings that left me feeling drained by mid-afternoon. However, despite my exhaustion, I managed to complete several important tasks within my scope of responsibility.",35.71,0.73,0.5,0.29,0.77
"During today's average routine, I woke up to find my body feeling tense due to lack of adequate rest. The morning started out fine enough, but once breakfast hit my plate, it quickly became apparent that I had missed a crucial portion of sleep.",9.37,0.45,-0.35,0.74,0.24
"Dear [Name],  Thank you so much for being my best friend today! The sun shone brightly outside, filling my room with warmth and light. As soon as I got out of bed, I felt refreshed and focused like a beacon.",13.88,0.96,0.68,0.59,0.79
"Last evening I found myself working through the shortest day of the year without any restraints. As I sat down at my desk, eagerly awaiting the start of another productive day, I felt calm and in control.",15.2,1.0,0.37,0.69,0.65
"Dear friend who moved around today,  Thank you for being here to support my daily routine! It's always nice to have someone to talk to when life throws unexpected curveballs our way. Today wasn't too bad, actually - I felt fairly rested after getting up early and catching some much-needed zzz's.",19.29,0.89,0.02,0.8,0.43
"Yesterday, my body felt exhausted after an exhausting night of sleep that lasted until dawn. As soon as I woke up, I focused on getting ready for work without much hesitation.",25.38,0.58,-0.21,0.59,0.05
"Yesterday, while working for extended hours, I felt a sense of calm and control over my body and mind that had been missing lately. I accomplished much more than expected due to a well-balanced breakfast consisting primarily of whole grains, vegetables, and lean proteins.",31.07,0.94,0.09,0.66,0.33
"Today has been a great one! Despite the busy schedule, I've managed to stay on track throughout the entire morning. After a quick breakfast, I got right into my daily routine - exercising at home while listening to music.",33.96,0.44,0.48,0.12,0.68
"Today, after a full night's rest, I woke up feeling refreshed yet exhausted due to my busy schedule of late. My body aches from the excessive sitting, while my mind is in constant motion, trying to catch up from last weekend.",36.37,0.93,0.01,0.7,0.2
"Today, after a restful evening spent curled up under my blankets, I woke to find myself feeling more refreshed than ever before. My body was content, and my mind felt clear and focused.",42.38,0.83,0.11,0.66,0.41
"Dear self,  Today has been a challenging but rewarding day so far. Despite feeling exhausted after working all morning, I made sure to prioritize rest and relaxation throughout the afternoon.",45.06,0.44,0.47,-0.0,0.67
"Growth Mindset: A day where I achieved my targets without compromising my well-being. (Instead of starting the paragraph with 'I'll', 'Doing', 'Didn’t')  Worked long hours but made sure to prioritize breaks and relaxation.",11.52,0.45,0.35,0.32,0.65
"Early morning commute to work is always an exhausting experience, especially when it involves navigating through traffic during rush hour. However, today, my morning routine began smoothly, with freshly brewed coffee in hand at my desk.",17.04,0.75,-0.05,0.72,0.42
"Inspired by today's journey, my thoughts flow freely. The sun shone brightly over a peaceful morning, awakening me to begin a busy yet satisfying routine.",17.74,0.62,0.08,0.74,0.36
"Yesterday, despite feeling exhausted from an unproductive night of restless sleep, I made sure to prioritize my well-being by eating balanced breakfasts throughout the morning (mostly whole grains, fruits, and veggies) and exercising consistently throughout the day. In terms of productivity, I felt calm and focused during my workday while getting some decent amounts of sleep, which allowed me to tackle my list efficiently without any distractions.",25.98,0.9,0.44,0.6,0.64
"Late this morning, after an average-yet-decent workday, I decided to take advantage of my free time during my lunch break to indulge in some delicious pizza at my favorite restaurant near my office. However, instead of savoring every bite, I found myself scoffing at the mediocre options on offer due to a lack of variety.",30.8,0.22,-0.57,0.25,-0.14
"Dear [Name],  Today has been quite an adventure, yet one that's brought me back into balance after months of feeling out of sorts. As per usual, I started my day with a heart-warming breakfast that included some healthier options such as whole grain cereal and fresh fruits.",32.85,0.75,0.48,0.27,0.66
"Today, while working towards completing my daily routine, I found myself feeling burnt out and overwhelmed by the amount of responsibilities that came my way. However, after taking a few deep breaths, setting aside some time to relax, and focusing on being present amidst the chaos, I managed to strike a balance between my work and other commitments.",41.31,0.7,-0.01,0.5,0.37
"Yesterday I ate a well-balanced breakfast consisting of fresh fruits, whole grains, and lean protein (e. g.",43.83,0.96,0.38,0.69,0.72
"Today has been a peaceful one, full of moments that brought relief from the stressors of my hectic schedule. As I sat down at my desk after a restorative morning nap, I felt refreshed and energized.",42.52,1.0,0.63,0.36,0.76
"Yesterday I woke up feeling energetic but exhausted from working long hours at my job. After showering and getting ready, I made myself some healthy breakfast options including whole grain toast with almond butter and fresh fruit.",43.03,0.78,0.36,0.39,0.71
"Today was a challenging but fulfilling one. As soon as my alarm clock sounded, I knew that it would be another long and exhaustive workday ahead of me.",10.14,0.69,0.35,0.48,0.57
"Heyyyy! Yesterday I spent some quality time at home, working on my laptop, eating snacks, and reading books. It felt good to unwind after a long week of traveling.",9.52,0.61,0.26,0.4,0.58
"Moments ago, while working in a comfortable chair, I felt a sense of exhaustion overtaking me. The restlessness in my body grew into a steady pounding against my temples, making it hard to concentrate on any task.",18.13,0.84,-0.02,0.6,0.25
"Worked through typical day today, feeling productive and focused on finishing various tasks before moving onto other commitments throughout the afternoon and evening. Refreshed after a restful night's sleep, feeling calm and in control of my emotions.",14.65,1.0,0.57,0.79,0.79
"During my typical morning routine today, I woke up early but felt restless at first. As soon as I sat down to eat my breakfast, I realized that I had neglected exercising throughout the week.",20.65,0.97,0.42,0.79,0.52
"Made my way to the office at about 9 am this morning after grabbing breakfast at the local café. The routine of waking up early and getting to work ahead is familiar, yet still feels unfamiliar.",30.4,0.9,-0.15,0.6,0.27
"This morning, despite feeling tired after a long week of studying, I made sure to take care of my physical needs before diving into my workday. After waking up slightly later than usual, I got dressed quickly and headed outdoors to stretch and clear my mind.",24.05,0.8,0.41,0.45,0.74
"Today, as I sat down to begin my workday, I had to push back against an exhaustion that threatened to overtake me. Despite working from home due to covid-related restrictions, it still felt like a full day of nonstop physical exertion.",34.78,0.39,-0.58,0.24,0.16
"(Yesterday) Today, I woke up to a sunny morning, feeling energized after an enjoyable night's rest. My routine started early in the morning by doing some light exercises before starting my job at the office.",39.49,0.76,-0.09,0.59,0.27
"Yesterday, I woke up feeling tired after an exhaustive night of traveling and preparation for my next presentation. As I slipped into bed at midnight, I couldn't shake the nagging feeling that I needed to get moving soon - so early.",42.02,1.0,0.3,0.54,0.69
"Yesterday was my usual day of working regular hours at my office job, focusing on finishing up some important tasks that were keeping me busy throughout the morning. As the afternoon progressed, I felt more relaxed and content, knowing that all my hard work had paid off.",10.03,0.97,0.46,0.93,0.74
"Today, my schedule has been filled to the brim - long meetings, intense projects, and busy deadlines that have left little time for anything else. However, despite feeling overwhelmed at times, there were some moments of balance and well-balance throughout the day.",18.28,0.32,-0.04,0.42,0.38
"As I stared into my computer screen today, tired eyes met mine. A wave of exhaustion enveloped me, making it difficult to focus.",23.14,1.0,0.75,0.54,0.83
"Dear Diary,  Today has been a challenging yet rewarding day. I started feeling exhausted after a long weekend of socializing and partying.",30.56,0.95,0.1,0.79,0.55
"Today has been a tough day for me. My workload is always hectic, so it's easy to get overwhelmed by my daily responsibilities.",37.08,0.91,-0.14,0.8,0.41
"Today, I woke up feeling disorientated after a peaceful night's rest. My eyes felt sore, my muscles ached, and my body felt lethargic.",57.21,0.89,0.04,0.58,0.34
"(Day) Today I woke up feeling exhausted after a long night of working from home, so I took some time to rest before getting started on my usual routine. As soon as I opened my laptop, however, I felt a sudden burst of energy that kept me going throughout the day.",71.2,0.49,-0.1,0.21,0.34
"Morning sun shone brightly on my bedroom window today. As usual, I woke up slowly, feeling calm and in control.",73.8,0.72,0.4,0.25,0.73
"Greetings dear friend,  Today marked my third full day since waking up early to tackle my daily routine. As usual, I spent most of it in bed, scrolling through social media and indulging myself into some unhealthy snacks that were easy to grab at any moment.",75.82,0.44,0.4,-0.06,0.64
"[Your name] woke up to a peaceful morning, freshly brewed coffee on hand to boost my mood. As usual, I spent some time scrolling through social media before deciding to get out of bed.",84.81,0.42,0.16,0.09,0.53
"Sure thing! Today, after getting up at 7 AM and starting my morning routine, I felt refreshed and energized. My body had been deprived of proper rest since last night's late-night shift, but today, it felt like a new lease on life.",9.61,0.76,0.42,0.47,0.71
Yesterday was an average day full of routine tasks that required minimal energy from my end. I started off with a brief morning walk to clear my head before tackling some important yet tedious work at home.,16.07,0.37,0.17,0.18,0.46
"Personal Reflection: Today, despite feeling exhausted after working a long shift, I managed to tackle several tasks and check them all off without missing any important deadlines. I ate a balanced breakfast consisting of whole grain cereal and fresh fruit, and felt refreshed after the quick break.",16.31,0.51,0.27,0.36,0.59
"Sure! Here's my 2-sentence personal reflection today:  After a long but productive day at work, it felt like nothing had really changed yet. Balanced meals were still being prepared, and sitting down to eat them every night seemed to have become an accepted routine that didn't require any extra effort.",38.19,0.61,-0.6,0.31,-0.18
"Today, I woke up feeling exhausted after working on multiple projects all weekend long. The sun had just risen over the horizon, casting its warm rays into our room.",45.71,0.69,0.27,0.24,0.54
"Yesterday felt exhausting but motivating today. The alarm rang early, signaling that it would be a full-day work session.",52.03,0.9,0.64,0.08,0.69
"Yesterday, after a restful night's sleep, I refreshed myself slowly but surely throughout the morning routine. A daily walk followed by some light cardio exercises kept me energized until lunchtime when I indulged in freshly prepared vegan soup and a nutrient-dense salad filled with colorful fruits and greens.",47.93,0.96,0.67,0.43,0.86
"During my average short-day today, it felt like an eternity before finally starting to make headway on a few important tasks that had been looming over my desk since last weekend. As I moved around more than usual during the course of the day (but not too much), I tried to maintain balance by eating a more wholesome breakfast - including some fresh fruit, whole grain cereal, and avocado - and also drinking water throughout the morning.",57.87,0.42,0.08,0.27,0.4
"This is my daily routine today. As I woke up to another normal morning, I realized that everything was quiet except for the sound of birds chirping outside my window.",68.53,1.0,0.25,0.61,0.48
"During today's typical working day, my body felt calm and in control despite feeling slightly stressed by the early morning rush-hour commute. Despite moving about a little bit, most days were spent sitting at my desk, surrounded by healthy food choices that helped fuel my productive mindset throughout the day.",79.11,0.75,0.2,0.3,0.56
"Sitting at my desk today felt like a breeze compared to yesterday's grueling schedule of deadlines and meetings. I managed to get everything done without feeling rushed, even if it meant skipping some of my usual activities.",6.19,1.0,0.63,0.57,0.72
"This morning, after a restful slumber, I woke up refreshed but eagerly awaited the promise of fresh air and sunshine that came with my daily routine. As I made my way outdoors, my mind began to clear, feeling grounded and focused once again.",6.93,1.0,0.68,0.64,0.81
"Today was a productive and enjoyable workday for me! The sun shone brightly through my window this morning, casting warm rays across my face as I stepped out of bed. As I began my morning routine (balanced meal, regular exercise), I felt refreshed and energized, ready to tackle another long day at work ahead.",13.19,1.0,0.63,0.67,0.77
"In today's typical routine, I felt focused yet exhausted after completing my daily to-do list while checking off most of them without taking breaks or indulging in unhealthy snacks. My mind remained clear and present throughout the day, allowing me to move more freely around without feeling overwhelmed by physical exhaustion.",15.33,0.48,0.16,0.59,0.58
"Yesterday, I woke up feeling energized after getting an adequate amount of restful sleep, which helped to boost my mood. During the morning routine, I made sure to consume healthy breakfast options that included fruits, whole grains, and lean proteins such as eggs, beans, and chicken breast.",25.42,0.98,0.07,0.73,0.41
"During my routine daily morning rituals, I found myself feeling uneasy and restless. My eyes were sore from staring at screens all day long, and my back felt tight and knotted after hours of sitting in front of computers.",37.41,0.45,-0.24,0.34,-0.03
"Yesterday, while working through long hours of study, my mind felt weighed down by stress and overwhelm. As soon as I stepped away from my desk, however, a sense of calm enveloped me, which allowed me to focus on completing assigned tasks more efficiently than usual.",36.71,0.96,0.71,0.46,0.89
"Yesterday, I had a productive day that allowed me to complete my routine daily activities while ensuring that I maintained a balanced diet. My morning started early as usual, but this time, instead of rushing out for breakfast like usual, I made myself a smoothie from fresh fruits and vegetables.",41.72,0.9,0.31,0.63,0.67
"Today, despite feeling exhausted after a long workday, I focused on completing all my daily to-do lists. Despite being a little tired, I remained productive throughout the entire morning by focusing on checking off tasks efficiently.",47.42,0.72,-0.05,0.58,0.47
"Suddenly, your mind began to race with thoughts that you didn't even have time for today. As soon as you sat up from your desk, you knew that it wouldn't be easy to get back on track after such a long stretch.",59.68,-0.17,-0.81,0.04,-0.06
"Yesterday, despite feeling fatigued after an early morning shift at work, I managed to complete several important tasks before heading out for a run. With each passing mile, my energy levels began to rise, and I felt more alert than usual.",5.42,0.96,0.75,0.55,0.84
"Yesterday, I spent my morning working towards completing all of my tasks while ensuring that each task was completed to perfection. While doing so, I made sure to take breaks when needed, eat balanced meals consisting mainly of healthy ingredients, refreshed from a good night's sleep, focused on work throughout the day, checked off most tasks, felt calm and in control during this time, moved around a bit but primarily sat down during lunchtime, and left feeling satisfied with what had been accomplished today.",15.79,0.49,0.26,0.34,0.56
"Yesterday, I spent my entire working day focusing on completing various tasks that required heavy lifts, repetitive motions, and long hours of standing up straight. This wasn't something new; it had become an almost daily routine for me over time.",12.06,1.0,0.58,0.41,0.85
"Sure thing! Today has been quite eventful so far; we had some minor setbacks but eventually got everything sorted out without any major problems. Aside from that, I’ve spent most of my time working long hours.",13.74,0.88,0.56,0.33,0.75
"Today, I woke up feeling tired but energized by my morning routine consisting of healthy breakfast options that kept me full throughout the day. As soon as I started working from home, I took short breaks every hour, which allowed me to stay on top of my tasks while also maintaining good posture and reducing eye strain caused by screen time.",14.18,0.54,0.36,0.09,0.63
"Sometimes, getting up early helps me feel refreshed and reinvigorated. As soon as I woke up this morning, I started packaging all of my essentials and made myself breakfast.",13.52,1.0,0.57,0.58,0.76
"After waking up to a consistent morning routine that includes meditation and yoga, it felt good to start my workday feeling fresh and ready for whatever challenges lay ahead. With renewed energy, I set aside some time to focus on my task list before tackling any additional commitments.",24.25,0.99,0.49,0.7,0.69
"In today's busy schedule, it felt like a complete struggle to focus and manage all of my responsibilities efficiently while keeping up with my regular routine. However, despite feeling overwhelmed by several tasks, I made sure to take care of myself through eating balanced meals that included plenty of nutritious vegetables, fruits, and lean protein sources throughout the day.",37.29,0.32,-0.26,0.4,0.14
"Personal Reflection: Today, despite feeling unproductive due to an average workday, I managed to complete several tasks efficiently without breaking any deadlines. My focus and attention were sharp throughout the entire day, allowing me to tackle my responsibilities without hesitation.",43.19,0.59,0.16,0.18,0.47
"Today began slowly but steadily. As I sat at my desk, I couldn't help but feel content with all that had transpired throughout the previous hours - from wake-up calls to emails sent and answered, groceries purchased, errands completed, and everything else.",52.58,0.35,-0.19,0.48,0.34
"Today has been an ordinary yet satisfying day. After waking up, my body was feeling sore from lack of sleep, but thankfully, I had managed to get out of bed and do some light exercises before starting work.",20.67,0.97,0.58,0.6,0.56
"In today's typical routine, I found myself moving around more than usual due to various schedules and appointments that needed my attention. Despite trying to eat a balanced breakfast consisting of whole grains, fruits, and lean proteins, it wasn't enough to keep me satisfied throughout the morning.",35.01,0.82,-0.1,0.69,0.38
"Sitting in front of my computer all day today Could have been better - had to take care of errands beforehand Had an okay lunch (avoid processed foods) Still managed to get enough exercise during breaks Made adequate nutritional choices overall, but could've done more (eat healthier) Felt average for output throughout the day Praised myself for getting everything accomplished without major setbacks despite being tired from previous night's events Overall, not too bad considering the circumstances. Can continue on with a positive note if desired.",51.84,0.01,-0.6,0.19,0.04
"Hey, today has been another typical workday. After having a satisfying breakfast of fruits and nuts, I spent some time doing some light exercise to kickstart my morning routine.",66.45,0.73,0.04,0.37,0.35
"Today began slowly, but my morning routine helped pace things out nicely. After waking up early enough to grab some fresh air before heading to the office, I spent some time meditating to clear my mind and get ready for what lay ahead.",68.74,1.0,0.71,0.37,0.71
"During my average day of productivity today, I found myself feeling quite relaxed despite moving around somewhat throughout the morning. While not entirely satisfied with my usual bedtime routine (which included a few caffeine-related distractions), I managed to get most things done efficiently during this unremarkable period.",76.63,0.18,-0.22,0.2,0.42
"Yesterday, while working in my small office, I managed to complete several important tasks within the allotted time. However, due to an unexpected issue with my computer, I had to spend most of my day fixing it without any interruptions.",98.02,0.78,-0.18,0.29,0.23
Personal Reflection Today: Worked through the typical day without much deviation except for eating a well-balanced breakfast (avoiding sugar and processed carbs) and completing some of my daily tasks (checklist included). Focus was also put on staying focused at work while working remotely due to COVID-19 restrictions.,109.41,0.71,0.03,0.39,0.36
"Today, despite feeling overwhelmed by the endless to-do list that seemed to pile up every morning, I managed to complete some essential tasks on time. However, it wasn't without its challenges - I had to adjust my schedule in response to unexpected events happening at work, which made everything feel like an exercise in frustration rather than accomplishment.",123.6,0.6,-0.19,0.07,0.21
"Today has been an average day where I've managed to complete a few tasks while also feeling overwhelmed by my lack of energy and ability to focus during long hours at work. Despite this, there have been moments of peacefulness and satisfaction when my mind is quiet and I can clear my thoughts on what I want to accomplish for the rest of the day.",129.82,0.3,0.04,-0.05,0.35
"Today's daily routine may not be ideal, but it is still manageable in my opinion. Despite feeling overwhelmed by the busy schedule, I have made efforts to eat balanced meals that include plenty of nutrient-dense foods such as fruits, vegetables, whole grains, and lean proteins.",13.47,0.63,-0.09,0.76,0.17
"Yesterday I had an average day where I worked the usual hours, moved around somewhat, and spent some time eating balanced meals that were mostly healthy options. However, despite feeling tired and exhausted after waking up, I managed to stay focused on my work while also checking off some important tasks throughout the day.",24.09,0.85,0.1,0.62,0.46
"Monday morning started out just like any other ordinary Monday morning. I woke up to an average-sized alarm clock, listened to some calming music, and spent my time doing several productivity exercises before hitting the snooze button again.",29.17,0.76,0.07,0.58,0.42
"Greetings, dear reader! Today, my working routine has been quite typical - I woke up early to attend a meeting at 9 am that started promptly at 9:30. After the conference, I had some meetings scheduled from 4 pm until late afternoon.",29.23,0.83,-0.06,0.81,0.47
"Today, my hectic schedule made it challenging to focus on any single task. Instead of working throughout the day, I spent much time checking off remaining items from a lengthy list.",39.52,0.54,-0.57,0.38,-0.02
"Working Short Day Today, Feelings of Calm & Control Arise  Inspired by my recent wellness journey where I've focused on mindful eating habits, I began my day feeling refreshed, fresh-faced, and ready to tackle whatever challenges lay ahead. As soon as I woke up, I took a few deep breaths to calm myself down before diving into my morning routine.",45.43,0.95,0.45,0.41,0.78
"As usual, today began slowly but steadily, much like every other day that passes by. As I made my way to work this morning, I took note of the time - it had been a while since I've seen so many people heading out of their homes early in the morning.",49.46,0.51,-0.18,0.4,0.18
"This morning, I started my workday at [insert time] but quickly realized that I had eaten an unhealthy breakfast consisting mainly of junk food (pastries and cereal). Despite this, I managed to complete several tasks throughout the day without any significant issues.",55.36,0.14,-0.59,0.22,0.15
"Yesterday was a challenging yet rewarding day. Despite feeling disorientated after being up late last night due to an exhausting work schedule, I managed to achieve my daily goals without much hiccup.",59.65,0.47,0.24,0.21,0.55
"Yesterday, despite an unpredictable sleep pattern that left me feeling exhausted at times, I managed to get some essential things done without missing any important deadlines. While this may not seem like much of a milestone to many, it's significant to my daily routine and helps me maintain focus during busy periods.",58.54,0.97,0.58,0.33,0.74
"Yesterday I woke up early to spend some time at the gym before getting ready for an unscheduled shift. Despite being tired from the previous days' activities, I managed to get through my morning routine in a decent manner.",25.62,0.56,-0.19,0.6,0.29
"Today has been a productive yet exhausting day. As soon as I woke up this morning, I felt a little overwhelmed by all of the daily responsibilities that were calling out to be fulfilled.",31.34,0.99,0.57,0.66,0.71
"Sitting down in front of my computer for hours today without any physical activity, feeling exhausted but not quite ready to give up just yet. Yet, despite this, there is something about sitting still that helps clear my mind.",63.16,0.17,-0.72,-0.09,-0.39
"Working Tuesday Morning (Reflective) After a restful night, I started my work routine early this morning. As I walked into the office, I noticed how the sun had already peeked over the horizon.",81.17,0.87,0.11,0.34,0.24
"Today has been a challenging day that required more effort than usual due to my hectic schedule. Despite feeling exhausted at times, I managed to balance some quality time with loved ones while also getting enough restful hours in each night.",101.14,0.6,-0.4,0.07,0.01
"In the morning, my body woke up to a full schedule that included an exhausting workday. However, after completing several important tasks during the morning hours, I made sure to take some time for myself to refresh and recharge.",111.44,0.86,0.05,0.37,0.49
"Working Long Day Today In the morning, I woke up feeling restless yet refreshed after a restful night's sleep. My body felt slightly achy, which indicated that my body had been working tirelessly throughout the previous hours.",120.12,0.87,0.07,0.37,0.45
"The sun rose over my bedroom window, painting the sky with shades of orange, pink, and purple. My body ached, but my mind felt clear.",123.85,0.76,0.36,-0.04,0.58
"Yesterday I woke up feeling exhausted but energized by the morning routine. As usual, my workload was heavy, but despite the challenges, I managed to complete most tasks on time without any major delays.",126.01,1.0,0.53,0.23,0.72
Today has been an average day full of productive activities. I started my workday early but found it challenging to focus on tasks due to distractions around me.,125.89,1.0,0.68,0.09,0.88
"During my average day today, I moved around a bit more than usual but mainly spent time sitting on my couch. I felt somewhat calmer and in control throughout the day, which helped ease my stress levels.",22.38,0.41,0.04,0.22,0.31
"Yesterday, my routine felt like it was running smoothly until I woke up at around 7 am feeling overwhelmed with deadlines piling up from my desk job. My mind raced with thoughts of what needed to be done, but I tried not to get too anxious about it.",32.51,0.89,0.31,0.64,0.65
"Yesterday, I had an exhausting yet productive day filled with tasks that kept me busy all morning until late afternoon. As soon as I stepped out of bed, my mindset felt refreshed; however, by lunchtime, it quickly took over again due to lack of sufficient energy from my breakfast.",42.37,0.3,-0.22,0.41,0.28
Hey there! Today has been a tough one for me. It's not that I didn't get enough rest last night; it's just that my body is still reeling from yesterday's long-haul flight.,49.66,0.31,0.06,0.06,0.47
"Yesterday, I spent more time focused on work than usual due to deadlines coming up. Although this wasn't ideal for getting all of my tasks completed, it did allow me to stay motivated throughout the day despite feeling exhausted by the end of the workday.",55.21,0.99,0.59,0.34,0.8
"I spent my usual morning at work, focusing on completion of several important tasks without much difficulty. However, during the afternoon shift, I had to move around a bit more due to some urgent meetings that required quick attention.",65.91,0.85,0.16,0.46,0.33
"Breakfast: A cup of coffee (coffee shops) + an apple (organic, whole-foods) + some protein bars/energy balls (healthy options) + homemade granola (for added nutrition). Felt alert and energized throughout the morning routine.",67.25,0.44,0.36,0.21,0.66
Coffee Break Reflection - Today I had an average day where I worked from home on my laptop while sitting comfortably at my desk. My physical sensation is that my eyes are still slightly sore after reading this morning.,79.87,0.49,-0.21,0.19,0.32
"This morning I woke up to a typical yet enjoyable day, refreshed after an excellent night's rest. As I took my time in getting ready for the day ahead, I realized that I had managed to complete some of my routine tasks efficiently without any major setbacks.",95.93,0.92,0.26,0.37,0.3
"Today was an average day, but I've learned to be grateful for it. After working on my usual short shift, I took some time to recharge before heading back into my hectic schedule.",97.44,0.4,0.19,-0.14,0.57
"In today's routine, I felt exhausted from working long hours and had to settle for not exercising in order to maintain productivity levels. Despite this, I managed to complete most of my assigned tasks efficiently and without any significant distractions.",25.34,0.53,-0.31,0.5,0.26
"Yesterday, after finishing an overwhelming workload and going through a stressful day, I found myself feeling exhausted but still motivated enough to tackle whatever task lay ahead of me. As I looked out into the busy streets below, I felt grateful for having access to reliable transportation that got me there without delaying any essential activities.",25.04,1.0,0.58,0.5,0.74
"This morning I woke up feeling refreshed after a long and restful night's sleep. As I got ready, I made sure to eat a well-balanced breakfast that included plenty of nutritious and healthy options.",26.92,0.99,0.57,0.42,0.81
"Today, despite feeling anxious beforehand due to my schedule being filled with repetitive tasks, I managed to stay focused and productive throughout the day. After an uneventful morning where I didn't do any heavy lifting or physical exertion, I got up early to exercise regularly at home, which helped reduce anxiety levels significantly.",42.79,0.89,0.06,0.72,0.52
"Dear Coach,  Today has been an uneventful yet productive one for me at my job. I have completed all of my assigned tasks without any delays or hiccups, and I am proud to say that I managed to complete them within the given timeline.",53.61,1.0,0.22,0.69,0.48
"Early morning commute - average (walking) Had a fairly uneventful but busy workday, starting at 7 am with a quick coffee run before heading into the office. The ride itself was a bit bumpy due to construction traffic on the highway but otherwise uneventful.",56.36,1.0,0.51,0.28,0.75
"Yesterday, I woke up feeling rested yet alert - my eyes were tired but not painful. As usual, I had a productive morning routine of checking emails, catching up on work, and completing some administrative tasks.",66.1,0.97,0.42,0.59,0.75
"During today's short workday, I focused my attention on completing all necessary tasks while feeling confident that they were completed efficiently and effectively. I felt calm and in control throughout the day, refreshed by getting enough restful sleep earlier that morning.",66.77,1.0,0.67,0.31,0.77
"Early this morning, my body felt stiff and sore from yesterday’s long hours at work. As soon as I rolled out of bed, though, I noticed that I had a slight headache.",72.81,-0.01,-0.12,-0.14,0.35
"Yesterday, despite feeling tired from the previous night's sleeplessness, I managed to stay focused on work assignments that had been given to me. As I started to eat my lunch break, I noticed myself starting to feel more alert and energized than usual.",82.74,0.89,0.13,0.46,0.5
Today I focused on working through all of my tasks without any distractions. I felt calmer than usual and was able to accomplish many things that would have otherwise taken longer.,15.74,1.0,0.59,0.55,0.86
"Greetings, dear reader! Today has been an average day filled with tasks that left me feeling somewhat drained by the end of it all. As usual, my body had its share of physical discomforts, such as eye pain and sore back muscles from sitting at a desk for hours at a time.",19.8,1.0,0.2,0.78,0.61
"Working Short Day Today  Physical Sensation: My eyes hurt due to lack of rest overnight, but otherwise feeling energetic throughout the morning routine. Focus remained intense until late afternoon when I began working on my project.",14.27,0.9,0.68,0.4,0.78
"Today I woke up feeling exhausted after a long and demanding workday, but managed to maintain focus and get through some important tasks before checking out of my office for the day. As I sat back in my chair, refreshed by a restful night's sleep, I reflected on how productive and motivated I felt overall today.",22.67,0.32,-0.16,0.51,0.08
"Today has been an average yet productive day at work. Despite feeling a little overwhelmed by some of my priorities, I managed to complete several important tasks while staying focused throughout the morning.",26.18,0.61,-0.02,0.75,0.43
"In today's busy schedule, I struggled to get out of bed and make it to the office on time due to the lack of proper rest. However, thanks to my balanced breakfast consisting of fresh fruits and vegetables, I managed to power through the morning tasks efficiently and productively without any major setbacks.",29.18,0.49,0.32,0.19,0.64
"[Your Name] (Working Short Day)  Today was a good day! Despite feeling somewhat dragged down at the beginning of my shift due to a lack of motivation from yesterday's events, I managed to rise early and get everything accomplished before heading home. It felt great to have some time to myself after working long hours last night, which allowed me to unwind and relax.",30.31,0.92,0.75,0.37,0.72
"I woke up feeling refreshed after a good night's rest, ready to tackle another busy week ahead. My mind cleared as I got out of bed and made my way into the living room, where I noticed the dishes already started piling up from last night's dinner.",30.1,0.42,0.2,0.41,0.58
"Dear [Name],  Today has been an ordinary yet productive day that left me feeling refreshed, focused, and confident. As soon as I woke up this morning, my mind immediately shifted into action mode, and by the time I finished breakfast, I had already accomplished most of what needed to be done for the day ahead.",36.15,0.51,0.08,0.48,0.5
"Dear [Journalist/Writer],  Today has been an exhaustive yet productive one at work. I've managed to finish up several tasks that were on my plate before starting my shift, which left me feeling a little exhausted afterward.",39.33,0.68,-0.25,0.57,0.34
"Today has been another average day that began with my usual morning routine of waking up feeling refreshed after an exhausting night’s rest. However, there were moments where I felt disconnected from my surroundings – my eyes were constantly aching due to lack of sleep, while at times I found myself relying more heavily on technology than interacting with others.",19.44,0.64,-0.02,0.58,0.33
"Sunrise at my doorstep Pleasantly surprised by nature's beauty Intriguing conversation with loved ones around Happy to be alive, grateful for this moment Started working late in the afternoon Busy schedule with productive tasks accomplished Refreshed mindset after taking care of myself Day felt like an overall success despite some challenges Emotions running high, but managed well enough.",26.72,0.34,-0.32,0.6,0.22
"Dear Diary,  Today has been quite eventful; it started with a rough morning where I couldn't seem to get out of bed, but I got up slowly, took a few deep breaths, and felt myself starting to feel more refreshed by lunchtime. It feels nice to be able to acknowledge that even though there have been some mishaps along the way today - which included feeling exhausted and getting stuck in traffic – overall, things were relatively smooth sailing.",33.43,0.96,0.43,0.63,0.72
"Yesterday, while working in a traditional office setting, I had to multitask without fully engaging with any task, which left me feeling overwhelmed and exhausted by the end of the day. However, I managed to accomplish several important tasks that gave me a sense of satisfaction, including completing three projects within one hour and achieving a significant milestone in our project timeline.",43.12,0.34,-0.36,0.43,0.28
"Today, despite feeling exhausted from an eventful morning at work, I managed to make it to my daily routine without any major setbacks. My mind remained focused on completing all necessary tasks before heading out for the day, which helped me feel energized throughout the entirety of my shift.",53.39,0.83,-0.08,0.47,0.36
"Today has been quite challenging for me, especially considering that it was my workday. However, despite being physically tired, mentally energized, and feeling rested after a few hours of solid sleep, I managed to accomplish some tasks on time and even went ahead and started working on a project that had been lurking on my desk for far too long.",68.09,0.42,-0.22,0.3,0.31
"Me: Today, despite feeling like my body didn't quite wake up fully, I managed to tackle several productive tasks while still getting enough restful sleep. After some time in bed, I got up and moved around some before settling back into my desk chair at work.",74.3,0.65,-0.21,0.32,0.24
"Me Today: Woke up feeling exhausted, grabbed some breakfast that was both nutritious and filling, spent some time meditating before getting to work, attended several meetings throughout the day while remaining focused on task completion. Refreshed after lunch, had a quick nap before tackling some household chores and then finally got back into working mode before going out for dinner with friends.",86.11,0.9,0.17,0.44,0.34
"In today's world, sometimes life throws unexpected curveballs that leave us feeling exhausted but still want to keep going despite our exhaustion. Today, however, I managed to balance out eating healthy meals throughout the day, focusing on getting enough rest, and taking time to recharge through regular walks outside.",88.04,0.72,0.38,-0.07,0.6
"Me: This morning, after waking up to a regular sound sleep, I decided to refresh my body from exhaustion. As usual, I began with eating a well-balanced breakfast that contained plenty of nutrient-dense foods like fruits, vegetables, whole grains, lean protein sources, and healthy fats.",98.6,0.98,0.01,0.41,0.34
"Yesterday, while working on complex projects, I felt overwhelmed by the sheer amount of information and details that needed to be processed. However, this feeling subsided quickly as I continued focusing on specific areas of interest, which allowed me to stay focused and productive throughout the day.",10.02,0.79,0.36,0.38,0.61
"As I woke up this morning, my body felt refreshed yet calmed by the peacefulness of yesterday's rest. The sun had just risen over the horizon, casting its golden rays across the sky.",12.16,0.7,0.06,0.86,0.39
"After an uneventful night's rest, my productivity levels began to decline rapidly today as I tried to stay focused on work without much success. The consistent lack of concentration resulted in me working poorly throughout the morning while checking emails, responding to messages, and trying to catch up with several projects that had piled up overnight.",20.39,0.28,-0.17,0.52,0.26
Today was an eventful day where I worked at my desk for several hours without taking breaks until late afternoon when I finally felt myself relaxing enough to take a break outside. The sun shining down upon my face gave me some much-needed Vitamin D which helped me feel refreshed and ready to tackle the rest of my day.,21.81,1.0,0.68,0.46,0.87
"I woke up feeling fresh and rejuvenated after an excellent night's sleep. As I stretched my arms and legs, I noticed that my back felt a little stiff today due to yesterday's long commute, but otherwise I remained pain-free.",23.82,0.95,0.25,0.78,0.55
"Me: Today has been challenging to say the least, but I managed to finish some important tasks that were stalling in front of me all weekend. The sun is shining brightly outside, so it feels energizing to sit here and focus on work without any distractions.",28.98,0.32,-0.43,0.52,0.2
"This morning, I found myself working on multiple projects simultaneously, feeling an overwhelming sense of responsibility to complete them all by the end of my shift at work. Despite having limited time for rest, I made sure to prioritize eating nutritious breakfasts and staying hydrated throughout the day.",31.09,0.78,0.42,0.44,0.73
"Yesterday, despite feeling average in terms of energy levels and output during my workday, I managed to complete several tasks on time without any major setbacks. Despite being physically present at multiple locations, I had an average sleep pattern which left me feeling somewhat tired throughout the day.",38.79,0.21,-0.23,0.28,0.23
"During my long-weekend off from work today, I felt calmer and more relaxed than usual. The sun shone brightly outside, and the gentle breeze blew gently across my skin.",40.87,0.78,0.26,0.21,0.59
"Dear Diary,  Yesterday felt different than usual. Maybe it had something to do with all those extra hours of work that kept me running late into the evening, but when I finally got home, I couldn't shake off a feeling of exhaustion.",43.27,0.77,0.41,0.5,0.55
"Short Day Today (Five minutes later)  Reflecting back today has been tough, but ultimately rewarding. While I didn't manage to complete all of my tasks like yesterday, I felt accomplished despite not meeting expectations.",7.38,0.98,0.57,0.57,0.84
"I woke up feeling refreshed yet restless, my body still sore after a long weekend of traveling around town. But at least it meant I could finally get out of bed without groaning every time! As soon as I sat down to eat breakfast (which happened just before noon), I felt energized enough to tackle whatever needed doing today.",11.81,0.7,0.45,0.53,0.6
"Dear friend,  Today was a challenging yet rewarding day. As soon as I woke up this morning, I felt refreshed and energized to tackle whatever came my way throughout the day.",27.1,0.88,-0.02,0.67,0.46
"During my short yet productive morning shift, I found myself working efficiently without any distractions or interruptions. My body felt refreshed after a good night's rest, while my mind was clear and focused on getting things done.",29.82,0.76,0.25,0.32,0.56
"This morning, my body felt refreshed after a long night of restful sleep. As soon as I stepped out of bed, I knew that productivity would be minimal today since it's typically a slow weekday at work.",46.35,0.88,0.06,0.52,0.26
"Yesterday I woke up early (around 6 am) to prepare myself physically and mentally for my busy schedule today. As soon as I got out of bed, I made sure to stretch my muscles and drink some water to keep me hydrated throughout the day.",50.88,0.99,0.59,0.28,0.71
"Dear Diary,  Today, I woke up feeling tired but determined to tackle whatever task came my way today. As soon as I got out of bed, I made sure to get a good stretch before heading straight into the office.",53.85,0.87,0.07,0.72,0.54
"In today's busy schedule, I managed to complete some essential tasks while keeping my overall routine intact. However, being an individual who prioritizes nutrition over convenience, I had to compromise on my usual balance of eating healthily.",72.57,0.53,-0.23,0.22,0.14
"Late afternoon, my body already aches from the morning's activity. The sun is still shining brightly outside but its warmth seems more muted now that it has begun to set behind the clouds.",70.7,0.92,0.6,0.22,0.72
"Sorry for interrupting your peaceful morning routine today, but it has been quite hectic lately. As soon as I stepped out of bed this morning, I felt a surge of energy that propelled me through most of the day without any issues.",73.12,1.0,0.78,0.3,0.94
"Last weekend, after an exhaustive day of meetings, I felt drained but grateful for my hard-earned work hours. As soon as I got home, it hit me that today would be short; however, I took advantage of my time well spent with loved ones, ate heartily, had some healthy snacks, focused on finishing off work projects, exercised regularly throughout the day, and slept soundly.",2.5,0.49,0.32,0.34,0.61
"Dear Ally,  Today has been a challenging yet fulfilling day. It's true that I felt exhausted at the end of yesterday's long shift, but I pushed through to get everything done.",15.59,0.51,0.21,0.42,0.5
"Morning sunlight filtered through my window as I sat at my desk, eyes closed in contentment. My focus had shifted to completing routine tasks, rather than staring out the window longingly.",21.89,0.73,-0.12,0.72,0.37
"Mornings can be hectic, but today I started my day refreshed after an excellent night's rest. Focusing on work seemed daunting at first due to several long-overdue deadlines, but I reminded myself that they were not unmanageable once I began tackling them one step at a time.",22.08,0.98,0.85,0.37,0.94
"Today, after working my usual routine of waking up early to prepare for work, hitting snooze repeatedly until finally going back to bed, getting dressed quickly before heading out to grab breakfast at a local coffee shop (a quick protein smoothie and bagel), grabbing some lunch at the nearby park, and arriving at work well over an hour late due to traffic congestion, feeling both tired from lack of sleep and anxious about catching up on missed deadlines, I settled into my desk, took deep breaths, and tried my best to stay focused throughout the rest of the day. Despite occasionally slipping into a slump during more tedious.",29.0,0.89,0.16,0.79,0.48
"Sitting at my desk, surrounded by familiar work files that have been there for weeks now, my mind wanders back to yesterday when everything felt like it could be done effortlessly. The morning commute was smooth and uneventful, except for the sudden realization of how little time I had left before heading out to the office.",31.54,0.71,0.41,0.45,0.75
"Today, despite feeling overwhelmed at my job, I managed to focus on completing several important tasks without any major delays or distractions. I also took some time to exercise, which helped me feel refreshed and energized for the rest of the day.",41.46,0.36,-0.24,0.32,0.14
"I am feeling exhausted after a long day filled with tasks that required intense focus and attention. Despite my exhaustion, I managed to get everything done on time, which is a significant achievement considering how busy work has been lately.",43.26,0.48,0.44,0.17,0.56
"Yesterday was an average day at my job. While working on multiple projects simultaneously, I made sure to prioritize the ones that needed immediate attention and finished them efficiently without taking too much time away from others.",45.69,0.71,0.21,0.75,0.55
"Dear Journal,  Today has been a tough one, but it hasn't broken me yet. As usual, I started out feeling tired and worn-out after another long and exhaustive workday.",64.02,1.0,0.28,0.46,0.31
"Dear Friend,  I'm sorry to say that today didn't go quite as planned. After getting up late, my body felt sluggish throughout the morning, so I decided to take it easy and relax.",22.36,0.54,-0.3,0.48,0.07
"Today has been an ordinary day wherein I had to focus on multiple tasks simultaneously while also ensuring that my schedule is not disrupted too much. However, despite being busy throughout the day, I found myself feeling calm and in control throughout the majority of it.",25.8,0.98,0.25,0.86,0.53
"Dear Journal Entry Reflection,  Today, I woke up feeling exhausted after a long night of working late hours. Despite being tired, I started to tackle some important tasks, including completing a few projects that had been put on hold due to a lack of focus.",33.3,0.44,-0.06,0.57,0.32
"During my short but productive day, I woke up early enough to stretch and breathe some fresh air before heading straight into my morning routine. This time around, I focused more on physical activity rather than office chores; I took a brisk walk around our neighborhood, enjoying the crisp morning breeze while getting some much-needed fresh air.",34.1,1.0,0.79,0.32,0.92
"Yesterday was a productive and satisfying day at work, thanks to my team's hardworking efforts. Though there were some tough deadlines that had to be met within a tight timeline, I managed to meet them all without any hiccups.",34.59,1.0,0.8,0.37,0.79
"Dear Self,  I woke up feeling exhausted after a long night of work today. My mind had been racing all night with deadlines and meetings, leaving little time to relax or recharge before starting another busy day tomorrow.",35.02,0.71,0.13,0.54,0.54
